{"labels": {"wig": {"scores": [0.15068574249744415, 0.5558511018753052, 0.049738239496946335], "labelId": "n04584207", "times": [5, 14, 36]}, "pelican": {"scores": [0.7021270990371704], "labelId": "n02051845", "times": [2]}, "car mirror": {"scores": [0.10730434209108353], "labelId": "n02965783", "times": [77]}, "maillot": {"scores": [0.1213323324918747], "labelId": "n03710637", "times": [6]}, "library": {"scores": [0.0901712030172348], "labelId": "n03661043", "times": [50]}, "space shuttle": {"scores": [0.18704727292060852, 0.15798814594745636, 0.17520734667778015], "labelId": "n04266014", "times": [62, 65, 81]}, "spotlight, spot": {"scores": [0.1201268807053566], "labelId": "n04286575", "times": [74]}, "trombone": {"scores": [0.16519789397716522], "labelId": "n04487394", "times": [69]}, "home theater, home theatre": {"scores": [0.8672710657119751], "labelId": "n03529860", "times": [32]}, "mousetrap": {"scores": [0.29363811016082764], "labelId": "n03794056", "times": [22]}, "alp": {"scores": [0.7885417342185974], "labelId": "n09193705", "times": [0]}, "basketball": {"scores": [0.6179859638214111], "labelId": "n02802426", "times": [38]}, "sax, saxophone": {"scores": [0.2802317440509796, 0.3990781307220459], "labelId": "n04141076", "times": [67, 71]}, "mountain tent": {"scores": [0.1371779441833496], "labelId": "n03792972", "times": [86]}, "orangutan, orang, orangutang, Pongo pygmaeus": {"scores": [0.21085739135742188], "labelId": "n02480495", "times": [51]}, "bicycle-built-for-two, tandem bicycle, tandem": {"scores": [0.21256673336029053], "labelId": "n02835271", "times": [54]}, "military uniform": {"scores": [0.3932626247406006, 0.3404856026172638, 0.11093694716691971, 0.39183509349823], "labelId": "n03763968", "times": [19, 23, 31, 47]}, "fountain": {"scores": [0.3323231339454651], "labelId": "n03388043", "times": [10]}, "crash helmet": {"scores": [0.08801455795764923], "labelId": "n03127747", "times": [53]}, "French horn, horn": {"scores": [0.15424229204654694], "labelId": "n03394916", "times": [70]}, "balance beam, beam": {"scores": [0.027008969336748123], "labelId": "n02777292", "times": [40]}, "digital clock": {"scores": [0.5013197660446167], "labelId": "n03196217", "times": [87]}, "web site, website, internet site, site": {"scores": [0.5299807786941528], "labelId": "n06359193", "times": [48]}, "house finch, linnet, Carpodacus mexicanus": {"scores": [0.2239943891763687], "labelId": "n01532829", "times": [21]}, "geyser": {"scores": [0.965369462966919, 0.31609493494033813, 0.3740784823894501, 0.21802963316440582, 0.5107918977737427, 0.1342286318540573, 0.13860274851322174], "labelId": "n09288635", "times": [42, 55, 61, 63, 80, 83, 85]}, "pajama, pyjama, pj's, jammies": {"scores": [0.7919961810112], "labelId": "n03877472", "times": [8]}, "screen, CRT screen": {"scores": [0.2558700740337372], "labelId": "n04152593", "times": [76]}, "candle, taper, wax light": {"scores": [0.7793977856636047, 0.19277459383010864], "labelId": "n02948072", "times": [44, 75]}, "hermit crab": {"scores": [0.40851184725761414], "labelId": "n01986214", "times": [15]}, "necklace": {"scores": [0.1631471812725067], "labelId": "n03814906", "times": [57]}, "mask": {"scores": [0.5055088996887207], "labelId": "n03724870", "times": [3]}, "spider web, spider's web": {"scores": [0.14400427043437958, 0.1682967096567154], "labelId": "n04275548", "times": [56, 58]}, "bee": {"scores": [0.44873490929603577], "labelId": "n02206856", "times": [16]}, "hair spray": {"scores": [0.20776818692684174, 0.08399531245231628], "labelId": "n03476991", "times": [37, 41]}, "groenendael": {"scores": [0.07748013734817505], "labelId": "n02105056", "times": [78]}, "sunglasses, dark glasses, shades": {"scores": [0.09465517103672028], "labelId": "n04356056", "times": [17]}, "harvester, reaper": {"scores": [0.07664001733064651, 0.6451930403709412, 0.13508282601833344, 0.3089026212692261], "labelId": "n03496892", "times": [4, 52, 66, 84]}, "redbone": {"scores": [0.07439121603965759], "labelId": "n02090379", "times": [39]}, "volcano": {"scores": [0.1716281920671463], "labelId": "n09472597", "times": [82]}, "television, television system": {"scores": [0.39726972579956055], "labelId": "n04404412", "times": [34]}, "lab coat, laboratory coat": {"scores": [0.08217360079288483, 0.12105537950992584], "labelId": "n03630383", "times": [7, 12]}, "suit, suit of clothes": {"scores": [0.1589154303073883, 0.11901896446943283, 0.04845968261361122], "labelId": "n04350905", "times": [11, 13, 30]}}}