{"labels": {"wig": {"scores": [0.3781263828277588], "labelId": "n04584207", "times": [5]}, "pelican": {"scores": [0.4358937442302704], "labelId": "n02051845", "times": [2]}, "macaw": {"scores": [0.07789047062397003], "labelId": "n01818515", "times": [37]}, "car mirror": {"scores": [0.0592443011701107, 0.11864148825407028], "labelId": "n02965783", "times": [21, 77]}, "unicycle, monocycle": {"scores": [0.1649475395679474], "labelId": "n04509417", "times": [71]}, "siamang, Hylobates syndactylus, Symphalangus syndactylus": {"scores": [0.0655021220445633], "labelId": "n02483708", "times": [78]}, "bicycle-built-for-two, tandem bicycle, tandem": {"scores": [0.2624165117740631], "labelId": "n02835271", "times": [54]}, "killer whale, killer, orca, grampus, sea wolf, Orcinus orca": {"scores": [0.05765785276889801], "labelId": "n02071294", "times": [79]}, "spotlight, spot": {"scores": [0.5208830833435059, 0.13470646739006042], "labelId": "n04286575", "times": [44, 74]}, "trombone": {"scores": [0.18065722286701202], "labelId": "n04487394", "times": [69]}, "mortarboard": {"scores": [0.09189583361148834], "labelId": "n03787032", "times": [40]}, "home theater, home theatre": {"scores": [0.6684287190437317], "labelId": "n03529860", "times": [32]}, "alp": {"scores": [0.7502124905586243], "labelId": "n09193705", "times": [0]}, "geyser": {"scores": [0.94675213098526, 0.9421372413635254, 0.9196151494979858, 0.9344517588615417], "labelId": "n09288635", "times": [42, 55, 61, 80]}, "sax, saxophone": {"scores": [0.2826010584831238, 0.41346707940101624], "labelId": "n04141076", "times": [67, 72]}, "scuba diver": {"scores": [0.12173333019018173], "labelId": "n10565667", "times": [38]}, "cloak": {"scores": [0.03748946264386177], "labelId": "n03045698", "times": [39]}, "microphone, mike": {"scores": [0.25851187109947205], "labelId": "n03759954", "times": [41]}, "fountain": {"scores": [0.7806215286254883, 0.3246311545372009], "labelId": "n03388043", "times": [10, 51]}, "French horn, horn": {"scores": [0.22812923789024353], "labelId": "n03394916", "times": [70]}, "paintbrush": {"scores": [0.23030158877372742, 0.31706440448760986], "labelId": "n03876231", "times": [4, 52]}, "digital clock": {"scores": [0.5126962661743164], "labelId": "n03196217", "times": [87]}, "water bottle": {"scores": [0.45221206545829773], "labelId": "n04557648", "times": [15]}, "web site, website, internet site, site": {"scores": [0.24256354570388794], "labelId": "n06359193", "times": [48]}, "acorn": {"scores": [0.5680620074272156], "labelId": "n12267677", "times": [56]}, "pajama, pyjama, pj's, jammies": {"scores": [0.21919921040534973], "labelId": "n03877472", "times": [8]}, "screen, CRT screen": {"scores": [0.3670867085456848], "labelId": "n04152593", "times": [75]}, "oxygen mask": {"scores": [0.538802981376648], "labelId": "n03868863", "times": [29]}, "bulletproof vest": {"scores": [0.1063883826136589], "labelId": "n02916936", "times": [28]}, "bow tie, bow-tie, bowtie": {"scores": [0.10738077759742737, 0.12298260629177094], "labelId": "n02883205", "times": [23, 30]}, "mask": {"scores": [0.3416644036769867, 0.5903022885322571, 0.5398749113082886, 0.24056926369667053, 0.3079225420951843, 0.2866155207157135, 0.07494573295116425], "labelId": "n03724870", "times": [3, 11, 17, 24, 31, 36, 47]}, "crutch": {"scores": [0.12805770337581635], "labelId": "n03141823", "times": [27]}, "dam, dike, dyke": {"scores": [0.2236199826002121], "labelId": "n03160309", "times": [53]}, "parking meter": {"scores": [0.10087025165557861], "labelId": "n03891332", "times": [22]}, "abaya": {"scores": [0.32370224595069885], "labelId": "n02667093", "times": [50]}, "television, television system": {"scores": [0.8313448429107666], "labelId": "n04404412", "times": [34]}, "lab coat, laboratory coat": {"scores": [0.19251735508441925], "labelId": "n03630383", "times": [20]}, "suit, suit of clothes": {"scores": [0.10085875540971756], "labelId": "n04350905", "times": [19]}}}