{"labels": {"gown": {"scores": [0.18809515237808228, 0.2962314188480377], "times": [39, 57]}, "stretcher": {"scores": [0.24069572985172272], "times": [56]}, "shield, buckler": {"scores": [0.09662677347660065], "times": [0]}, "slot, one-armed bandit": {"scores": [0.04964608699083328, 0.19150187075138092, 0.19623982906341553], "times": [108, 167, 235]}, "maillot": {"scores": [0.1615840643644333, 0.9232024550437927, 0.5193821787834167, 0.16203409433364868, 0.14401516318321228, 0.16439694166183472, 0.15760372579097748, 0.315242737531662], "times": [25, 72, 78, 82, 90, 106, 148, 173]}, "electric guitar": {"scores": [0.20513157546520233], "times": [3]}, "torch": {"scores": [0.4649614691734314, 0.9444810748100281, 0.4698004424571991, 0.4037378430366516, 0.4388560950756073, 0.3421698808670044, 0.4530949592590332, 0.5021666288375854, 0.5567870140075684, 0.3307032585144043, 0.7732877135276794, 0.15930302441120148, 0.8960866928100586, 0.94249427318573, 0.49461424350738525], "times": [102, 171, 175, 198, 200, 223, 243, 248, 253, 260, 281, 285, 287, 290, 293]}, "poncho": {"scores": [0.3053155839443207], "times": [184]}, "barbell": {"scores": [0.26445043087005615, 0.11317518353462219], "times": [149, 227]}, "space shuttle": {"scores": [0.23754887282848358], "times": [163]}, "theater curtain, theatre curtain": {"scores": [0.19152791798114777, 0.3094744384288788], "times": [271, 280]}, "pole": {"scores": [0.08127716183662415], "times": [187]}, "passenger car, coach, carriage": {"scores": [0.1011902242898941], "times": [74]}, "lighter, light, igniter, ignitor": {"scores": [0.1734086573123932], "times": [20]}, "bikini, two-piece": {"scores": [0.5574718117713928], "times": [22]}, "spotlight, spot": {"scores": [0.12772539258003235], "times": [150]}, "guillotine": {"scores": [0.23111127316951752], "times": [245]}, "sports car, sport car": {"scores": [0.386738657951355], "times": [35]}, "punching bag, punch bag, punching ball, punchball": {"scores": [0.17804107069969177], "times": [97]}, "minibus": {"scores": [0.10485149919986725], "times": [75]}, "hourglass": {"scores": [0.10824471712112427], "times": [84]}, "toyshop": {"scores": [0.5467944145202637, 0.09908227622509003, 0.10650802403688431, 0.13871708512306213, 0.17046938836574554, 0.14372245967388153, 0.2032269537448883, 0.17080892622470856, 0.12854860723018646, 0.12379532307386398, 0.15000446140766144, 0.12385716289281845, 0.26476719975471497, 0.19709011912345886, 0.13311724364757538, 0.13445082306861877], "times": [28, 100, 137, 143, 155, 168, 180, 183, 190, 211, 241, 251, 262, 272, 279, 283]}, "monitor": {"scores": [0.258931040763855, 0.19312521815299988, 0.0993344858288765], "times": [26, 120, 174]}, "vending machine": {"scores": [0.05506178364157677], "times": [185]}, "balloon": {"scores": [0.09687715023756027, 0.24427224695682526], "times": [5, 91]}, "cloak": {"scores": [0.1456645429134369], "times": [133]}, "ski": {"scores": [0.2029482126235962, 0.14218750596046448], "times": [208, 244]}, "maypole": {"scores": [0.07315202057361603], "times": [193]}, "cash machine, cash dispenser, automated teller machine, automatic teller machine, automated teller, automatic teller, ATM": {"scores": [0.1951916366815567, 0.1275174766778946, 0.17184659838676453, 0.7328083515167236, 0.189924955368042], "times": [154, 157, 160, 230, 249]}, "fountain": {"scores": [0.1625192016363144, 0.17819777131080627], "times": [93, 162]}, "carousel, carrousel, merry-go-round, roundabout, whirligig": {"scores": [0.6573183536529541, 0.05155216157436371, 0.13854002952575684, 0.24096965789794922, 0.1729453057050705, 0.6681671738624573, 0.28107526898384094, 0.5124256610870361, 0.7711838483810425], "times": [29, 117, 130, 170, 220, 236, 246, 258, 261]}, "Windsor tie": {"scores": [0.2613982558250427], "times": [152]}, "chime, bell, gong": {"scores": [0.2226947844028473], "times": [156]}, "balance beam, beam": {"scores": [0.13685548305511475, 0.2903972864151001, 0.08256736397743225], "times": [50, 67, 164]}, "stage": {"scores": [0.48871082067489624, 0.25508955121040344, 0.43141064047813416, 0.29802945256233215, 0.8633661270141602, 0.6838232278823853, 0.954810380935669, 0.7178424000740051, 0.3229161202907562, 0.6395803689956665, 0.4312562346458435, 0.39417874813079834, 0.10271105915307999, 0.5780938267707825, 0.24361950159072876, 0.23955486714839935, 0.2284170240163803, 0.5619140863418579, 0.3026594817638397, 0.35533055663108826, 0.4880739450454712, 0.3486676812171936, 0.13100871443748474, 0.21391917765140533, 0.608930230140686, 0.4004925489425659, 0.48304545879364014], "times": [6, 52, 98, 101, 104, 112, 118, 122, 129, 134, 141, 147, 158, 181, 188, 204, 210, 240, 242, 250, 267, 273, 276, 282, 296, 298, 300]}, "comic book": {"scores": [0.7588675618171692, 0.29530513286590576, 0.908294141292572, 0.4294295907020569, 0.09803222119808197], "times": [1, 13, 85, 165, 257]}, "unicycle, monocycle": {"scores": [0.1201048195362091, 0.8920808434486389], "times": [161, 172]}, "West Highland white terrier": {"scores": [0.1815606951713562, 0.1592794507741928], "times": [119, 126]}, "racket, racquet": {"scores": [0.12380703538656235], "times": [69]}, "binoculars, field glasses, opera glasses": {"scores": [0.0813988670706749], "times": [146]}, "nematode, nematode worm, roundworm": {"scores": [0.11959155648946762], "times": [16]}, "sarong": {"scores": [0.09494693577289581, 0.07089580595493317], "times": [60, 232]}, "altar": {"scores": [0.11778518557548523], "times": [24]}, "horizontal bar, high bar": {"scores": [0.09266293793916702], "times": [49]}, "web site, website, internet site, site": {"scores": [0.09571466594934464], "times": [17]}, "vestment": {"scores": [0.11652341485023499], "times": [209]}, "butcher shop, meat market": {"scores": [0.08096736669540405, 0.11348935216665268, 0.1664716601371765, 0.42486950755119324, 0.8544631004333496, 0.6281618475914001, 0.292275071144104], "times": [136, 144, 178, 182, 237, 259, 275]}, "whistle": {"scores": [0.6537100076675415, 0.6748722195625305, 0.5707608461380005], "times": [111, 203, 266]}, "bullet train, bullet": {"scores": [0.2152392715215683, 0.2655065655708313], "times": [34, 55]}, "umbrella": {"scores": [0.306113064289093], "times": [51]}, "sunglass": {"scores": [0.5100582838058472, 0.46645867824554443, 0.15885677933692932, 0.38199079036712646, 0.1277473121881485], "times": [19, 80, 151, 197, 299]}, "turnstile": {"scores": [0.12875257432460785], "times": [41]}, "screen, CRT screen": {"scores": [0.0769701674580574], "times": [10]}, "cinema, movie theater, movie theatre, movie house, picture palace": {"scores": [0.19969932734966278, 0.1594105362892151], "times": [196, 229]}, "window shade": {"scores": [0.2536117136478424], "times": [31]}, "candle, taper, wax light": {"scores": [0.790461540222168], "times": [239]}, "hammerhead, hammerhead shark": {"scores": [0.25697749853134155], "times": [8]}, "refrigerator, icebox": {"scores": [0.200614333152771], "times": [53]}, "feather boa, boa": {"scores": [0.08881057798862457], "times": [177]}, "breastplate, aegis, egis": {"scores": [0.0505455918610096], "times": [292]}, "parallel bars, bars": {"scores": [0.2070070058107376, 0.08609849214553833], "times": [47, 225]}, "bow tie, bow-tie, bowtie": {"scores": [0.9912529587745667, 0.7850747108459473, 0.8786541819572449, 0.7935135364532471, 0.993503987789154, 0.9777226448059082, 0.9982450008392334, 0.10112984478473663, 0.768583357334137, 0.9968218803405762, 0.9092760682106018, 0.9711105227470398, 0.9177718162536621, 0.9851405620574951, 0.9775541424751282, 0.9837888479232788, 0.9608837366104126, 0.9549520015716553, 0.5445270538330078, 0.8626925945281982, 0.9994077682495117, 0.9238241910934448, 0.9931958913803101, 0.8678387999534607, 0.21842971444129944, 0.9863212704658508, 0.4040825068950653, 0.9964566826820374, 0.950150728225708, 0.70260089635849, 0.9958438277244568], "times": [59, 61, 79, 83, 92, 95, 109, 116, 124, 127, 131, 135, 138, 159, 169, 194, 202, 205, 213, 217, 219, 231, 233, 238, 252, 263, 265, 277, 286, 291, 295]},