{"labels": {"gown": {"scores": [0.206945538520813, 0.19803935289382935], "labelId": "n03450230", "times": [39, 57]}, "dugong, Dugong dugon": {"scores": [0.07386009395122528], "labelId": "n02074367", "times": [10]}, "cinema, movie theater, movie theatre, movie house, picture palace": {"scores": [0.19595873355865479, 0.13117912411689758], "labelId": "n03032252", "times": [196, 229]}, "slot, one-armed bandit": {"scores": [0.05933600291609764, 0.2126704752445221, 0.17601387202739716], "labelId": "n04243546", "times": [108, 167, 235]}, "maillot": {"scores": [0.12343274801969528, 0.9168509840965271, 0.5469761490821838, 0.1467653214931488, 0.19314149022102356, 0.17597481608390808, 0.14640982449054718, 0.29871246218681335, 0.05931054428219795], "labelId": "n03710637", "times": [25, 72, 78, 82, 106, 148, 170, 173, 185]}, "electric guitar": {"scores": [0.1944485753774643], "labelId": "n03272010", "times": [3]}, "forklift": {"scores": [0.3359200954437256], "labelId": "n03384352", "times": [46]}, "poncho": {"scores": [0.25223156809806824], "labelId": "n03980874", "times": [184]}, "neck brace": {"scores": [0.06009461358189583, 0.08045897632837296], "labelId": "n03814639", "times": [23, 157]}, "barbell": {"scores": [0.3764798045158386, 0.08450029790401459], "labelId": "n02790996", "times": [149, 227]}, "pole": {"scores": [0.07147235423326492], "labelId": "n03976657", "times": [187]}, "stretcher": {"scores": [0.2546256482601166], "labelId": "n04337157", "times": [56]}, "passenger car, coach, carriage": {"scores": [0.14200811088085175], "labelId": "n03895866", "times": [74]}, "refrigerator, icebox": {"scores": [0.21612393856048584], "labelId": "n04070727", "times": [53]}, "bikini, two-piece": {"scores": [0.6686122417449951], "labelId": "n02837789", "times": [22]}, "spotlight, spot": {"scores": [0.1306273490190506], "labelId": "n04286575", "times": [150]}, "theater curtain, theatre curtain": {"scores": [0.33649852871894836, 0.38476112484931946], "labelId": "n04418357", "times": [280, 298]}, "sports car, sport car": {"scores": [0.43258264660835266], "labelId": "n04285008", "times": [35]}, "medicine chest, medicine cabinet": {"scores": [0.24815614521503448], "labelId": "n03742115", "times": [54]}, "butcher shop, meat market": {"scores": [0.10975093394517899, 0.2929319441318512, 0.9080255627632141, 0.2811035215854645, 0.7839285731315613, 0.24599255621433258], "labelId": "n02927161", "times": [144, 176, 237, 254, 259, 275]}, "toyshop": {"scores": [0.4725421667098999, 0.09423065185546875, 0.10109955817461014, 0.21412421762943268, 0.2849074900150299, 0.3158932328224182, 0.11626926809549332, 0.16632485389709473, 0.24168327450752258, 0.3184609115123749, 0.23714397847652435, 0.18922239542007446, 0.15482787787914276, 0.08687254786491394], "labelId": "n04462240", "times": [28, 100, 137, 143, 154, 182, 190, 211, 241, 262, 267, 272, 279, 283]}, "monitor": {"scores": [0.11892125010490417, 0.22211553156375885, 0.13253186643123627], "labelId": "n03782006", "times": [8, 26, 120]}, "balloon": {"scores": [0.0947931781411171, 0.2789360284805298], "labelId": "n02782093", "times": [5, 91]}, "ski": {"scores": [0.20361310243606567, 0.24613137543201447], "labelId": "n04228054", "times": [208, 244]}, "maypole": {"scores": [0.0774054005742073, 0.26348012685775757], "labelId": "n03733131", "times": [193, 288]}, "cash machine, cash dispenser, automated teller machine, automatic teller machine, automated teller, automatic teller, ATM": {"scores": [0.06200486794114113, 0.11566371470689774, 0.7307589650154114, 0.3860868811607361, 0.1952923834323883], "labelId": "n02977058", "times": [68, 160, 230, 245, 249]}, "fountain": {"scores": [0.2382076382637024, 0.23043887317180634, 0.054067354649305344, 0.12273288518190384], "labelId": "n03388043", "times": [93, 162, 164, 174]}, "carousel, carrousel, merry-go-round, roundabout, whirligig": {"scores": [0.6540794372558594, 0.14093667268753052, 0.14839786291122437, 0.17444321513175964, 0.7838910222053528, 0.2462536245584488, 0.10714998841285706, 0.43791845440864563, 0.6748059391975403], "labelId": "n02966193", "times": [29, 130, 178, 220, 236, 247, 251, 258, 261]}, "Windsor tie": {"scores": [0.05958300083875656, 0.24367977678775787], "labelId": "n04591157", "times": [89, 152]}, "prison, prison house": {"scores": [0.11497257649898529], "labelId": "n04005630", "times": [194]}, "balance beam, beam": {"scores": [0.16706646978855133, 0.2365800440311432], "labelId": "n02777292", "times": [50, 67]}, "cleaver, meat cleaver, chopper": {"scores": [0.17636911571025848], "labelId": "n03041632", "times": [20]}, "unicycle, monocycle": {"scores": [0.15864573419094086, 0.8786386847496033], "labelId": "n04509417", "times": [161, 172]}, "rifle": {"scores": [0.12254011631011963], "labelId": "n04090263", "times": [146]}, "West Highland white terrier": {"scores": [0.29812541604042053, 0.1481328010559082], "labelId": "n02098286", "times": [51, 126]}, "racket, racquet": {"scores": [0.09013083577156067], "labelId": "n04039381", "times": [69]}, "torch": {"scores": [0.4001825153827667, 0.09400820732116699, 0.17954324185848236, 0.9331479072570801, 0.37977299094200134, 0.3930407166481018, 0.47266435623168945, 0.3147298991680145, 0.4106026887893677, 0.4147299826145172, 0.1006590873003006, 0.44420599937438965, 0.2915860116481781, 0.867543637752533, 0.3920517861843109, 0.8740799427032471, 0.9472241997718811, 0.28449463844299316], "labelId": "n04456115", "times": [102, 158, 163, 171, 175, 198, 200, 223, 243, 248, 252, 255, 260, 281, 284, 287, 290, 294]}, "nematode, nematode worm, roundworm": {"scores": [0.1001320481300354], "labelId": "n01930112", "times": [16]}, "sarong": {"scores": [0.13742847740650177], "labelId": "n04136333", "times": [60]}, "altar": {"scores": [0.09958981722593307], "labelId": "n02699494", "times": [24]}, "bathing cap, swimming cap": {"scores": [0.2794301509857178], "labelId": "n02807133", "times": [180]}, "horizontal bar, high bar": {"scores": [0.08572055399417877], "labelId": "n03535780", "times": [49]}, "web site, website, internet site, site": {"scores": [0.09242351353168488], "labelId": "n06359193", "times": [17]}, "bow": {"scores": [0.4043259024620056], "labelId": "n02879718", "times": [77]}, "whistle": {"scores": [0.4286055564880371, 0.26252010464668274, 0.6200130581855774], "labelId": "n04579432", "times": [111, 203, 266]}, "bullet train, bullet": {"scores": [0.21869845688343048, 0.3228200078010559], "labelId": "n02917067", "times": [34, 55]}, "sunglass": {"scores": [0.3549509644508362, 0.10185559093952179, 0.42969098687171936, 0.08404383808374405], "labelId": "n04355933", "times": [80, 151, 197, 299]}, "turnstile": {"scores": [0.14422832429409027, 0.17932920157909393], "labelId": "n04501370", "times": [41, 58]}, "window shade": {"scores": [0.3113928437232971], "labelId": "n04590129", "times": [31]}, "candle, taper, wax light": {"scores": [0.08600706607103348, 0.4832213222980499], "labelId": "n02948072", "times": [136, 239]}, "hoopskirt, crinoline": {"scores": [0.05579092726111412], "labelId": "n03534580", "times": [189]}, "stage": {"scores": [0.4127688407897949, 0.19569090008735657, 0.513114869594574, 0.23174640536308289, 0.873030960559845, 0.6388545036315918, 0.96775883436203, 0.7813699245452881, 0.33888596296310425, 0.6839742064476013, 0.2974073588848114, 0.43523260951042175, 0.5700092911720276, 0.26043790578842163, 0.3450787663459778, 0.13930100202560425, 0.5056741237640381, 0.30114445090293884, 0.2984456419944763, 0.31023311614990234, 0.5413572192192078, 0.1714763194322586, 0.3622085154056549, 0.14148393273353577, 0.2035873383283615, 0.6040710806846619, 0.6886826753616333, 0.4295039772987366], "labelId": "n04296562", "times": [6, 52, 98, 101, 104, 112, 118, 122, 129, 134, 141, 147, 181, 188, 204, 210, 240, 242, 246, 250, 268, 271, 273, 276, 282, 293, 296, 300]}, "beaker": {"scores": [0.07309377938508987], "labelId": "n02815749", "times": [84]}, "minibus": {"scores": [0.0768967717885971], "labelId": "n03769881", "times": [75]},