{"labels": {"gown": {"times": [39, 57], "labelId": "n03450230", "scores": [0.18809515237808228, 0.2962314188480377]}, "stretcher": {"times": [56], "labelId": "n04337157", "scores": [0.24069572985172272]}, "shield, buckler": {"times": [0], "labelId": "n04192698", "scores": [0.09662677347660065]}, "slot, one-armed bandit": {"times": [108, 167, 235], "labelId": "n04243546", "scores": [0.04964608699083328, 0.19150187075138092, 0.19623982906341553]}, "maillot": {"times": [25, 72, 78, 82, 90, 106, 148, 173], "labelId": "n03710637", "scores": [0.1615840643644333, 0.9232024550437927, 0.5193821787834167, 0.16203409433364868, 0.14401516318321228, 0.16439694166183472, 0.15760372579097748, 0.315242737531662]}, "electric guitar": {"times": [3], "labelId": "n03272010", "scores": [0.20513157546520233]}, "torch": {"times": [102, 171, 175, 198, 200, 223, 243, 248, 253, 260, 281, 285, 287, 290, 293], "labelId": "n04456115", "scores": [0.4649614691734314, 0.9444810748100281, 0.4698004424571991, 0.4037378430366516, 0.4388560950756073, 0.3421698808670044, 0.4530949592590332, 0.5021666288375854, 0.5567870140075684, 0.3307032585144043, 0.7732877135276794, 0.15930302441120148, 0.8960866928100586, 0.94249427318573, 0.49461424350738525]}, "unicycle, monocycle": {"times": [161, 172], "labelId": "n04509417", "scores": [0.1201048195362091, 0.8920808434486389]}, "barbell": {"times": [149, 227], "labelId": "n02790996", "scores": [0.26445043087005615, 0.11317518353462219]}, "space shuttle": {"times": [163], "labelId": "n04266014", "scores": [0.23754887282848358]}, "theater curtain, theatre curtain": {"times": [271, 280], "labelId": "n04418357", "scores": [0.19152791798114777, 0.3094744384288788]}, "pole": {"times": [187], "labelId": "n03976657", "scores": [0.08127716183662415]}, "passenger car, coach, carriage": {"times": [74], "labelId": "n03895866", "scores": [0.1011902242898941]}, "lighter, light, igniter, ignitor": {"times": [20], "labelId": "n03666591", "scores": [0.1734086573123932]}, "bikini, two-piece": {"times": [22], "labelId": "n02837789", "scores": [0.5574718117713928]}, "spotlight, spot": {"times": [150], "labelId": "n04286575", "scores": [0.12772539258003235]}, "guillotine": {"times": [245], "labelId": "n03467068", "scores": [0.23111127316951752]}, "nematode, nematode worm, roundworm": {"times": [16], "labelId": "n01930112", "scores": [0.11959155648946762]}, "poncho": {"times": [184], "labelId": "n03980874", "scores": [0.3053155839443207]}, "streetcar, tram, tramcar, trolley, trolley car": {"times": [63, 70], "labelId": "n04335435", "scores": [0.48830363154411316, 0.35216280817985535]}, "bow": {"times": [77], "labelId": "n02879718", "scores": [0.5316309928894043]}, "hourglass": {"times": [84], "labelId": "n03544143", "scores": [0.10824471712112427]}, "volleyball": {"times": [23, 27], "labelId": "n04540053", "scores": [0.046942438930273056, 0.12506380677223206]}, "toyshop": {"times": [28, 100, 137, 143, 155, 168, 180, 183, 190, 211, 241, 251, 262, 272, 279, 283], "labelId": "n04462240", "scores": [0.5467944145202637, 0.09908227622509003, 0.10650802403688431, 0.13871708512306213, 0.17046938836574554, 0.14372245967388153, 0.2032269537448883, 0.17080892622470856, 0.12854860723018646, 0.12379532307386398, 0.15000446140766144, 0.12385716289281845, 0.26476719975471497, 0.19709011912345886, 0.13311724364757538, 0.13445082306861877]}, "monitor": {"times": [26, 120, 174], "labelId": "n03782006", "scores": [0.258931040763855, 0.19312521815299988, 0.0993344858288765]}, "vending machine": {"times": [185], "labelId": "n04525305", "scores": [0.05506178364157677]}, "balloon": {"times": [5, 91], "labelId": "n02782093", "scores": [0.09687715023756027, 0.24427224695682526]}, "cloak": {"times": [133], "labelId": "n03045698", "scores": [0.1456645429134369]}, "cash machine, cash dispenser, automated teller machine, automatic teller machine, automated teller, automatic teller, ATM": {"times": [154, 157, 160, 230, 249], "labelId": "n02977058", "scores": [0.1951916366815567, 0.1275174766778946, 0.17184659838676453, 0.7328083515167236, 0.189924955368042]}, "fountain": {"times": [93, 162], "labelId": "n03388043", "scores": [0.1625192016363144, 0.17819777131080627]}, "carousel, carrousel, merry-go-round, roundabout, whirligig": {"times": [29, 117, 130, 170, 220, 236, 246, 258, 261], "labelId": "n02966193", "scores": [0.6573183536529541, 0.05155216157436371, 0.13854002952575684, 0.24096965789794922, 0.1729453057050705, 0.6681671738624573, 0.28107526898384094, 0.5124256610870361, 0.7711838483810425]}, "Windsor tie": {"times": [152], "labelId": "n04591157", "scores": [0.2613982558250427]}, "chime, bell, gong": {"times": [156], "labelId": "n03017168", "scores": [0.2226947844028473]}, "balance beam, beam": {"times": [50, 67, 164], "labelId": "n02777292", "scores": [0.13685548305511475, 0.2903972864151001, 0.08256736397743225]}, "hammerhead, hammerhead shark": {"times": [8], "labelId": "n01494475", "scores": [0.25697749853134155]}, "ski": {"times": [208, 244], "labelId": "n04228054", "scores": [0.2029482126235962, 0.14218750596046448]}, "maypole": {"times": [193], "labelId": "n03733131", "scores": [0.07315202057361603]}, "West Highland white terrier": {"times": [119, 126], "labelId": "n02098286", "scores": [0.1815606951713562, 0.1592794507741928]}, "racket, racquet": {"times": [69], "labelId": "n04039381", "scores": [0.12380703538656235]}, "binoculars, field glasses, opera glasses": {"times": [146], "labelId": "n02841315", "scores": [0.0813988670706749]}, "sports car, sport car": {"times": [35], "labelId": "n04285008", "scores": [0.386738657951355]}, "sarong": {"times": [60, 232], "labelId": "n04136333", "scores": [0.09494693577289581, 0.07089580595493317]}, "altar": {"times": [24], "labelId": "n02699494", "scores": [0.11778518557548523]}, "ambulance": {"times": [43, 45, 64], "labelId": "n02701002", "scores": [0.25595492124557495, 0.31458356976509094, 0.6035739779472351]}, "horizontal bar, high bar": {"times": [49], "labelId": "n03535780", "scores": [0.09266293793916702]}, "web site, website, internet site, site": {"times": [17], "labelId": "n06359193", "scores": [0.09571466594934464]}, "vestment": {"times": [209], "labelId": "n04532106", "scores": [0.11652341485023499]}, "butcher shop, meat market": {"times": [136, 144, 178, 182, 237, 259, 275], "labelId": "n02927161", "scores": [0.08096736669540405, 0.11348935216665268, 0.1664716601371765, 0.42486950755119324, 0.8544631004333496, 0.6281618475914001, 0.292275071144104]}, "whistle": {"times": [111, 203, 266], "labelId": "n04579432", "scores": [0.6537100076675415, 0.6748722195625305, 0.5707608461380005]}, "bullet train, bullet": {"times": [34, 55], "labelId": "n02917067", "scores": [0.2152392715215683, 0.2655065655708313]}, "umbrella": {"times": [51], "labelId": "n04507155", "scores": [0.306113064289093]}, "sunglass": {"times": [19, 80, 151, 197, 299], "labelId": "n04355933", "scores": [0.5100582838058472, 0.46645867824554443, 0.15885677933692932, 0.38199079036712646, 0.1277473121881485]}, "jean, blue jean, denim": {"times": [38, 68], "labelId": "n03594734", "scores": [0.15649372339248657, 0.06479709595441818]}, "screen, CRT screen": {"times": [10], "labelId": "n04152593", "scores": [0.0769701674580574]}, "cinema, movie theater, movie theatre, movie house, picture palace": {"times": [196, 229], "labelId": "n03032252", "scores": [0.19969932734966278, 0.1594105362892151]}, "window shade": {"times": [31], "labelId": "n04590129", "scores": [0.2536117136478424]}, "candle, taper, wax light": {"times": [239], "labelId": "n02948072", "scores": [0.790461540222168]}, "stage": {"times": [6, 52, 98, 101, 104, 112, 118, 122, 129, 134, 141, 147, 158, 181, 188, 204, 210, 240, 242, 250, 267, 273, 276, 282, 296, 298, 300], "labelId": "n04296562",