{"labels": {"wig": {"scores": [0.04936821758747101], "labelId": "n04584207", "times": [51]}, "triceratops": {"scores": [0.07388775050640106, 0.35003772377967834], "labelId": "n01704323", "times": [55, 57]}, "suspension bridge": {"scores": [0.06435302644968033], "labelId": "n04366367", "times": [82]}, "lakeside, lakeshore": {"scores": [0.28035682439804077, 0.12138737738132477, 0.17374549806118011], "labelId": "n09332890", "times": [2, 65, 68]}, "mask": {"scores": [0.8554657101631165], "labelId": "n03724870", "times": [77]}, "caldron, cauldron": {"scores": [0.08013445883989334], "labelId": "n02939185", "times": [88]}, "forklift": {"scores": [0.41437920928001404, 0.17950211465358734, 0.4239828884601593], "labelId": "n03384352", "times": [17, 46, 64]}, "seashore, coast, seacoast, sea-coast": {"scores": [0.7909314632415771], "labelId": "n09428293", "times": [92]}, "snowplow, snowplough": {"scores": [0.19053593277931213, 0.2331870049238205, 0.28768062591552734], "labelId": "n04252225", "times": [16, 81, 86]}, "goose": {"scores": [0.27094438672065735], "labelId": "n01855672", "times": [11]}, "window shade": {"scores": [0.6768215894699097], "labelId": "n04590129", "times": [76]}, "killer whale, killer, orca, grampus, sea wolf, Orcinus orca": {"scores": [0.5409843921661377, 0.25441116094589233, 0.857487142086029], "labelId": "n02071294", "times": [9, 23, 41]}, "bikini, two-piece": {"scores": [0.1463283747434616], "labelId": "n02837789", "times": [52]}, "poncho": {"scores": [0.11723260581493378], "labelId": "n03980874", "times": [37]}, "birdhouse": {"scores": [0.1010822132229805], "labelId": "n02843684", "times": [20]}, "black grouse": {"scores": [0.4684184491634369], "labelId": "n01795545", "times": [10]}, "jeep, landrover": {"scores": [0.6147323250770569, 0.43471696972846985], "labelId": "n03594945", "times": [27, 89]}, "geyser": {"scores": [0.1721814125776291, 0.6590588688850403, 0.4140198230743408, 0.1256324201822281, 0.7389216423034668], "labelId": "n09288635", "times": [12, 42, 72, 79, 84]}, "volcano": {"scores": [0.5860740542411804], "labelId": "n09472597", "times": [80]}, "breakwater, groin, groyne, mole, bulwark, seawall, jetty": {"scores": [0.37781333923339844], "labelId": "n02894605", "times": [69]}, "balloon": {"scores": [0.5483210682868958], "labelId": "n02782093", "times": [53]}, "scuba diver": {"scores": [0.11100127547979355, 0.1074984148144722, 0.19475620985031128, 0.5759150385856628], "labelId": "n10565667", "times": [0, 24, 35, 58]}, "cloak": {"scores": [0.12351067364215851], "labelId": "n03045698", "times": [67]}, "whippet": {"scores": [0.5274697542190552], "labelId": "n02091134", "times": [4]}, "recreational vehicle, RV, R.V.": {"scores": [0.15070194005966187], "labelId": "n04065272", "times": [29]}, "crutch": {"scores": [0.07107959687709808], "labelId": "n03141823", "times": [61]}, "fountain": {"scores": [0.5613346695899963], "labelId": "n03388043", "times": [38]}, "alp": {"scores": [0.5019450783729553], "labelId": "n09193705", "times": [85]}, "crash helmet": {"scores": [0.26886388659477234], "labelId": "n03127747", "times": [62]}, "piggy bank, penny bank": {"scores": [0.1054716557264328], "labelId": "n03935335", "times": [50]}, "saltshaker, salt shaker": {"scores": [0.08648237586021423], "labelId": "n04131690", "times": [8]}, "miniskirt, mini": {"scores": [0.10335681587457657], "labelId": "n03770439", "times": [33]}, "sarong": {"scores": [0.2662726938724518], "labelId": "n04136333", "times": [94]}, "amphibian, amphibious vehicle": {"scores": [0.43393129110336304, 0.3792145550251007], "labelId": "n02704792", "times": [59, 87]}, "CD player": {"scores": [0.33603090047836304], "labelId": "n02988304", "times": [63]}, "school bus": {"scores": [0.07479657977819443], "labelId": "n04146614", "times": [43]}, "missile": {"scores": [0.3057026267051697], "labelId": "n03773504", "times": [32]}, "swimming trunks, bathing trunks": {"scores": [0.1634937971830368], "labelId": "n04371430", "times": [36]}, "iron, smoothing iron": {"scores": [0.1907777637243271], "labelId": "n03584829", "times": [19]}, "bobsled, bobsleigh, bob": {"scores": [0.2841925621032715, 0.5984105467796326, 0.1616957187652588, 0.11371973156929016], "labelId": "n02860847", "times": [22, 31, 54, 56]}, "chime, bell, gong": {"scores": [0.06128653883934021], "labelId": "n03017168", "times": [66]}, "tow truck, tow car, wrecker": {"scores": [0.4319714903831482], "labelId": "n04461696", "times": [18]}, "Rhodesian ridgeback": {"scores": [0.2937757968902588], "labelId": "n02087394", "times": [93]}, "pop bottle, soda bottle": {"scores": [0.03932228684425354], "labelId": "n03983396", "times": [83]}, "golfcart, golf cart": {"scores": [0.27649790048599243], "labelId": "n03445924", "times": [45]}, "gong, tam-tam": {"scores": [0.07494085282087326], "labelId": "n03447721", "times": [74]}, "drake": {"scores": [0.20853173732757568, 0.07294071465730667], "labelId": "n01847000", "times": [21, 30]}, "horse cart, horse-cart": {"scores": [0.14651325345039368], "labelId": "n03538406", "times": [26]}, "king penguin, Aptenodytes patagonica": {"scores": [0.079214908182621, 0.23888501524925232, 0.4042660593986511, 0.8342704176902771], "labelId": "n02056570", "times": [1, 5, 13, 39]}, "seat belt, seatbelt": {"scores": [0.9913225173950195, 0.09186152368783951], "labelId": "n04162706", "times": [44, 75]}, "parking meter": {"scores": [0.773823618888855], "labelId": "n03891332", "times": [78]}, "ski mask": {"scores": [0.8675336837768555], "labelId": "n04229816", "times": [47]}, "shower curtain": {"scores": [0.1204909086227417], "labelId": "n04209239", "times": [34]}}}