{"labels": {"harvester, reaper": {"scores": [0.07221776247024536, 0.637952446937561], "labelId": "n03496892", "times": [66, 87]}, "lumbermill, sawmill": {"scores": [0.8741511702537537], "labelId": "n03697007", "times": [44]}, "suspension bridge": {"scores": [0.1109909862279892], "labelId": "n04366367", "times": [79]}, "seashore, coast, seacoast, sea-coast": {"scores": [0.22716005146503448, 0.250597208738327, 0.3916354179382324], "labelId": "n09428293", "times": [67, 70, 88]}, "gong, tam-tam": {"scores": [0.2951551377773285], "labelId": "n03447721", "times": [71]}, "guillotine": {"scores": [0.1482863426208496], "labelId": "n03467068", "times": [80]}, "bikini, two-piece": {"scores": [0.25168949365615845], "labelId": "n02837789", "times": [49]}, "theater curtain, theatre curtain": {"scores": [0.25268155336380005], "labelId": "n04418357", "times": [73]}, "harp": {"scores": [0.5410568714141846], "labelId": "n03495258", "times": [47]}, "black grouse": {"scores": [0.3867683410644531], "labelId": "n01795545", "times": [9]}, "jeep, landrover": {"scores": [0.20772841572761536, 0.3035584092140198, 0.7648877501487732], "labelId": "n03594945", "times": [17, 25, 27]}, "geyser": {"scores": [0.09353941679000854, 0.3402504324913025, 0.9388455152511597, 0.82738196849823], "labelId": "n09288635", "times": [69, 81, 89, 91]}, "volcano": {"scores": [0.6035195589065552, 0.28706666827201843], "labelId": "n09472597", "times": [77, 84]}, "sunglasses, dark glasses, shades": {"scores": [0.35164374113082886], "labelId": "n04356056", "times": [94]}, "broom": {"scores": [0.549444854259491, 0.10746309906244278], "labelId": "n02906734", "times": [50, 52]}, "radio, wireless": {"scores": [0.21861059963703156], "labelId": "n04041544", "times": [61]}, "half track": {"scores": [0.22498485445976257], "labelId": "n03478589", "times": [86]}, "albatross, mollymawk": {"scores": [0.13767266273498535, 0.25860270857810974], "labelId": "n02058221", "times": [18, 39]}, "crash helmet": {"scores": [0.03535908833146095], "labelId": "n03127747", "times": [56]}, "fountain": {"scores": [0.10161852836608887, 0.06838657706975937], "labelId": "n03388043", "times": [36, 85]}, "prairie chicken, prairie grouse, prairie fowl": {"scores": [0.10857062041759491, 0.2052987664937973], "labelId": "n01798484", "times": [3, 20]}, "comic book": {"scores": [0.280792236328125, 0.43824368715286255, 0.1905667930841446, 0.2478332668542862], "labelId": "n06596364", "times": [35, 60, 63, 72]}, "binoculars, field glasses, opera glasses": {"scores": [0.3137113153934479, 0.24947693943977356, 0.9799327850341797], "labelId": "n02841315", "times": [46, 62, 90]}, "racer, race car, racing car": {"scores": [0.09152839332818985], "labelId": "n04037443", "times": [30]}, "amphibian, amphibious vehicle": {"scores": [0.0996399000287056, 0.49638402462005615], "labelId": "n02704792", "times": [26, 57]}, "bathing cap, swimming cap": {"scores": [0.11135981231927872, 0.19032438099384308], "labelId": "n02807133", "times": [31, 55]}, "vestment": {"scores": [0.10004476457834244], "labelId": "n04532106", "times": [45]}, "vase": {"scores": [0.137966126203537], "labelId": "n04522168", "times": [19]}, "prison, prison house": {"scores": [0.12279529124498367], "labelId": "n04005630", "times": [59]}, "trailer truck, tractor trailer, trucking rig, rig, articulated lorry, semi": {"scores": [0.2984030544757843], "labelId": "n04467665", "times": [83]}, "sunglass": {"scores": [0.23559492826461792], "labelId": "n04355933", "times": [93]}, "stingray": {"scores": [0.04034819453954697], "labelId": "n01498041", "times": [48]}, "lampshade, lamp shade": {"scores": [0.20014046132564545], "labelId": "n03637318", "times": [53]}, "crane": {"scores": [0.1400538831949234], "labelId": "n03126707", "times": [41]}, "reel": {"scores": [0.08236590772867203], "labelId": "n04067472", "times": [34]}, "maze, labyrinth": {"scores": [0.10961245745420456], "labelId": "n03733281", "times": [82]}, "hammerhead, hammerhead shark": {"scores": [0.04548286646604538], "labelId": "n01494475", "times": [64]}, "oxygen mask": {"scores": [0.07578244805335999, 0.22761285305023193], "labelId": "n03868863", "times": [33, 58]}, "black stork, Ciconia nigra": {"scores": [0.39401406049728394], "labelId": "n02002724", "times": [37]}, "rock beauty, Holocanthus tricolor": {"scores": [0.06704737991094589], "labelId": "n02606052", "times": [29]}, "golfcart, golf cart": {"scores": [0.30823391675949097], "labelId": "n03445924", "times": [32]}, "mask": {"scores": [0.547710120677948], "labelId": "n03724870", "times": [74]}, "drake": {"scores": [0.2624972462654114, 0.19655071198940277, 0.0934394970536232], "labelId": "n01847000", "times": [0, 2, 28]}, "punching bag, punch bag, punching ball, punchball": {"scores": [0.13706247508525848], "labelId": "n04023962", "times": [43]}, "king penguin, Aptenodytes patagonica": {"scores": [0.3072495460510254, 0.7152048349380493, 0.9105809926986694, 0.6295577883720398, 0.9334474205970764], "labelId": "n02056570", "times": [1, 4, 10, 22, 40]}, "freight car": {"scores": [0.11373214423656464], "labelId": "n03393912", "times": [42]}, "seat belt, seatbelt": {"scores": [0.03808265179395676], "labelId": "n04162706", "times": [54]}, "parking meter": {"scores": [0.4597196877002716], "labelId": "n03891332", "times": [75]}, "swing": {"scores": [0.41757795214653015], "labelId": "n04371774", "times": [38]}, "sandbar, sand bar": {"scores": [0.12635987997055054], "labelId": "n09421951", "times": [65]}, "castle": {"scores": [0.10852319002151489], "labelId": "n02980441", "times": [78]}, "balloon": {"scores": [0.7938956022262573, 0.31012073159217834], "labelId": "n02782093", "times": [51, 76]}, "tractor": {"scores": [0.4115624725818634], "labelId": "n04465666", "times": [15]}}}