{"labels": {"wig": {"scores": [0.14249299466609955, 0.9958693385124207, 0.4410136640071869, 0.6878279447555542], "labelId": "n04584207", "times": [18, 40, 82, 115]}, "gown": {"scores": [0.7012813091278076, 0.45423048734664917], "labelId": "n03450230", "times": [39, 154]}, "mink": {"scores": [0.26023703813552856, 0.22063885629177094], "labelId": "n02442845", "times": [31, 131]}, "pajama, pyjama, pj's, jammies": {"scores": [0.6212153434753418], "labelId": "n03877472", "times": [173]}, "maillot": {"scores": [0.35664665699005127, 0.11942998319864273], "labelId": "n03710637", "times": [15, 107]}, "viaduct": {"scores": [0.216729074716568, 0.1682405322790146, 0.6710364818572998], "labelId": "n04532670", "times": [36, 152, 166]}, "pole": {"scores": [0.3535538613796234], "labelId": "n03976657", "times": [23]}, "volleyball": {"scores": [0.5426197052001953], "labelId": "n04540053", "times": [127]}, "theater curtain, theatre curtain": {"scores": [0.1605464667081833], "labelId": "n04418357", "times": [0]}, "stole": {"scores": [0.15061047673225403], "labelId": "n04325704", "times": [70]}, "accordion, piano accordion, squeeze box": {"scores": [0.32046419382095337], "labelId": "n02672831", "times": [7]}, "monastery": {"scores": [0.1982690840959549], "labelId": "n03781244", "times": [85]}, "gondola": {"scores": [0.12812867760658264], "labelId": "n03447447", "times": [8]}, "cloak": {"scores": [0.461451917886734, 0.29512009024620056], "labelId": "n03045698", "times": [2, 108]}, "microphone, mike": {"scores": [0.5219852328300476, 0.46176713705062866, 0.932456910610199, 0.3410179615020752, 0.24492737650871277, 0.9700078964233398, 0.45064622163772583, 0.22410304844379425, 0.8518631458282471], "labelId": "n03759954", "times": [5, 99, 105, 139, 188, 191, 193, 195, 198]}, "kimono": {"scores": [0.606651246547699], "labelId": "n03617480", "times": [14]}, "shoji": {"scores": [0.5870981216430664, 0.8391562700271606], "labelId": "n04201297", "times": [51, 179]}, "Windsor tie": {"scores": [0.16064703464508057, 0.8137863278388977, 0.5476318597793579], "labelId": "n04591157", "times": [33, 102, 110]}, "prison, prison house": {"scores": [0.21123306453227997, 0.488396018743515, 0.40022021532058716, 0.10052959620952606, 0.4016645848751068, 0.14032241702079773, 0.6103705167770386], "labelId": "n04005630", "times": [13, 32, 49, 54, 97, 181, 184]}, "balance beam, beam": {"scores": [0.4319000840187073, 0.47052276134490967], "labelId": "n02777292", "times": [10, 80]}, "stage": {"scores": [0.28260359168052673], "labelId": "n04296562", "times": [182]}, "abaya": {"scores": [0.4162903130054474], "labelId": "n02667093", "times": [203]}, "plunger, plumber's helper": {"scores": [0.45363718271255493], "labelId": "n03970156", "times": [1]}, "restaurant, eating house, eating place, eatery": {"scores": [0.4397216737270355, 0.4073109030723572], "labelId": "n04081281", "times": [74, 96]}, "church, church building": {"scores": [0.2542564868927002], "labelId": "n03028079", "times": [43]}, "hand blower, blow dryer, blow drier, hair dryer, hair drier": {"scores": [0.3344973027706146], "labelId": "n03483316", "times": [6]}, "overskirt": {"scores": [0.09743668884038925, 0.194795161485672], "labelId": "n03866082", "times": [17, 60]}, "altar": {"scores": [0.4378070533275604, 0.04097182676196098, 0.7447685599327087], "labelId": "n02699494", "times": [76, 79, 95]}, "horizontal bar, high bar": {"scores": [0.4471551477909088], "labelId": "n03535780", "times": [103]}, "vestment": {"scores": [0.08780526369810104], "labelId": "n04532106", "times": [183]}, "brassiere, bra, bandeau": {"scores": [0.656921923160553], "labelId": "n02892767", "times": [175]}, "whistle": {"scores": [0.7244130969047546], "labelId": "n04579432", "times": [48]}, "flute, transverse flute": {"scores": [0.19238977134227753], "labelId": "n03372029", "times": [192]}, "bell cote, bell cot": {"scores": [0.1437167376279831, 0.1965002864599228, 0.4389464855194092, 0.15019692480564117, 0.16345131397247314, 0.3256797194480896, 0.2140907496213913, 0.15176470577716827, 0.17964810132980347, 0.2711539566516876], "labelId": "n02825657", "times": [9, 20, 61, 66, 83, 89, 111, 145, 176, 196]}, "sunglass": {"scores": [0.2640267312526703, 0.4207954704761505], "labelId": "n04355933", "times": [126, 133]}, "vault": {"scores": [0.21610690653324127, 0.26983407139778137, 0.13257579505443573, 0.49267473816871643, 0.3381560146808624, 0.4495494067668915, 0.6606439352035522, 0.21006962656974792], "labelId": "n04523525", "times": [35, 67, 88, 146, 161, 174, 177, 190]}, "window shade": {"scores": [0.22168323397636414, 0.26289406418800354, 0.22922451794147491, 0.32853612303733826, 0.22865334153175354], "labelId": "n04590129", "times": [73, 91, 104, 136, 141]}, "trench coat": {"scores": [0.8174493312835693, 0.45696115493774414, 0.8273473381996155, 0.32132458686828613, 0.28406476974487305, 0.4412711262702942, 0.541690468788147], "labelId": "n04479046", "times": [21, 34, 65, 86, 151, 160, 200]}, "candle, taper, wax light": {"scores": [0.824286937713623], "labelId": "n02948072", "times": [52]}, "plate rack": {"scores": [0.4007985293865204], "labelId": "n03961711", "times": [94]}, "skunk, polecat, wood pussy": {"scores": [0.2729867994785309], "labelId": "n02445715", "times": [135]}, "oxygen mask": {"scores": [0.35815200209617615, 0.8762632012367249], "labelId": "n03868863", "times": [59, 142]}, "tench, Tinca tinca": {"scores": [0.07172908633947372, 0.19127656519412994, 0.1735338717699051], "labelId": "n01440764", "times": [148, 178, 204]}, "window screen": {"scores": [0.12357635051012039, 0.08361046016216278, 0.09640608727931976, 0.20745714008808136], "labelId": "n04589890", "times": [42, 55, 120, 172]}, "solar dish, solar collector, solar furnace": {"scores": [0.08812103420495987, 0.18812154233455658, 0.13190527260303497], "labelId": "n04258138", "times": [28, 41, 123]}, "crutch": {"scores": [0.7392746210098267], "labelId": "n03141823", "times": [124]}, "sunglasses, dark glasses, shades": {"scores": [0.7557194232940674, 0.61827552318573, 0.4177883267402649, 0.6734024882316589, 0.02661653608083725], "labelId": "n04356056", "times": [25, 29, 38, 129, 211]}, "suit, suit of clothes": {"scores": [0.7224636077880859, 0.7058444023132324, 0.4157823324203491, 0.8608249425888062, 0.09198056161403656, 0.47149795293807983, 0.5144882798194885, 0.2776273190975189, 0.3611155152320862, 0.5185660123825073, 0.2478809356689453, 0.8957546353340149, 0.21752320230007172, 0.5047186613082886, 0.7221749424934387, 0.3143821656703949, 0.5673351287841797, 0.6595273613929749, 0.293990820646286], "labelId": "n04350905", "times": [3, 45, 50, 58, 78, 81, 90, 93, 101, 119, 140, 143, 149, 170, 187, 189, 194, 201, 206]}, "knee pad": {"scores": [0.36220818758010864], "labelId": "n03623198", "times": [128]}, "jean, blue jean, denim": {"scores": [0.1452714204788208, 0.32858026027679443], "labelId": "n03594734", "times": [19, 165]}, "television, television system": {"scores": [0.04719037562608719, 0.10931393504142761, 0.0908859595656395], "labelId": "n04404412", "times": [92, 109, 132]}, "lab coat, laboratory coat": {"scores": [0.11005000025033951, 0.2145153433084488, 0.25530579686164856, 0.3870409429073334, 0.0814661979675293, 0.290990948677063, 0.5678838491439819, 0.6650400757789612, 0.18933865427970886, 0.5329897999763489, 0.5932595133781433, 0.6933950781822205, 0.6496232748031616, 0.3764238953590393, 0.3118065595626831, 0.40088313817977905, 0.9163461327552795, 0.2732914388179779, 0.20290446281433105, 0.43183228373527527], "labelId": "n03630383", "times": [12, 24, 27, 37, 44, 56, 63, 71, 75, 87, 113, 117, 121, 144, 150, 153, 155, 197, 205, 210]}, "shower curtain": {"scores": [0.4664573073387146], "labelId": "n04209239", "times": [11]}}}