{"labels": {"wig": {"scores": [0.9869660139083862, 0.328181654214859, 0.7311649918556213], "times": [40, 82, 115]}, "gown": {"scores": [0.650878369808197, 0.5148075819015503], "times": [39, 154]}, "mink": {"scores": [0.34073737263679504], "times": [31]}, "pajama, pyjama, pj's, jammies": {"scores": [0.5235685706138611], "times": [173]}, "maillot": {"scores": [0.393565833568573, 0.10214819759130478], "times": [15, 107]}, "viaduct": {"scores": [0.10054222494363785, 0.13060936331748962, 0.25860917568206787, 0.3050251007080078, 0.6620215177536011], "times": [9, 19, 36, 152, 166]}, "groom, bridegroom": {"scores": [0.11174158751964569], "times": [69]}, "pole": {"scores": [0.4826056957244873], "times": [23]}, "volleyball": {"scores": [0.4605368971824646], "times": [127]}, "theater curtain, theatre curtain": {"scores": [0.1478203982114792, 0.0523587241768837], "times": [0, 212]}, "stole": {"scores": [0.17224740982055664], "times": [70]}, "stage": {"scores": [0.23408249020576477], "times": [182]}, "accordion, piano accordion, squeeze box": {"scores": [0.22443124651908875], "times": [7]}, "torch": {"scores": [0.33437496423721313, 0.025984905660152435], "times": [208, 211]}, "gondola": {"scores": [0.13675226271152496], "times": [8]}, "cloak": {"scores": [0.3028491735458374, 0.288767009973526], "times": [2, 108]}, "microphone, mike": {"scores": [0.5645806193351746, 0.5383901596069336, 0.9463596940040588, 0.31271037459373474, 0.1958988755941391, 0.971164345741272, 0.5407878160476685, 0.20941294729709625, 0.7770022749900818], "times": [5, 99, 105, 139, 188, 191, 193, 195, 198]}, "kimono": {"scores": [0.40646862983703613], "times": [14]}, "shoji": {"scores": [0.527924656867981, 0.08225632458925247, 0.4275169372558594, 0.8632539510726929], "times": [51, 54, 98, 179]}, "Windsor tie": {"scores": [0.18819867074489594, 0.6550202369689941], "times": [33, 102]}, "prison, prison house": {"scores": [0.17630083858966827, 0.4501025080680847, 0.4238148629665375, 0.23085251450538635, 0.6094210743904114], "times": [13, 32, 49, 97, 184]}, "balance beam, beam": {"scores": [0.4505652189254761, 0.09316887706518173, 0.3367955982685089, 0.11718732118606567], "times": [10, 28, 80, 181]}, "ice lolly, lolly, lollipop, popsicle": {"scores": [0.09406248480081558], "times": [18]}, "plunger, plumber's helper": {"scores": [0.4869827926158905], "times": [1]}, "restaurant, eating house, eating place, eatery": {"scores": [0.30987608432769775, 0.3618563413619995, 0.47935134172439575], "times": [43, 74, 96]}, "jean, blue jean, denim": {"scores": [0.4770386219024658], "times": [165]}, "hand blower, blow dryer, blow drier, hair dryer, hair drier": {"scores": [0.4253140687942505], "times": [6]}, "overskirt": {"scores": [0.07293488085269928, 0.18387269973754883], "times": [17, 60]}, "skunk, polecat, wood pussy": {"scores": [0.17598946392536163], "times": [135]}, "monastery": {"scores": [0.22306875884532928], "times": [68]}, "horizontal bar, high bar": {"scores": [0.4596711993217468], "times": [103]}, "vestment": {"scores": [0.06674954295158386], "times": [183]}, "brassiere, bra, bandeau": {"scores": [0.4983283281326294], "times": [175]}, "whistle": {"scores": [0.6977742314338684], "times": [48]}, "flute, transverse flute": {"scores": [0.19712089002132416], "times": [192]}, "bell cote, bell cot": {"scores": [0.23286376893520355, 0.3589761257171631, 0.1997872143983841, 0.24243596196174622, 0.36685821413993835, 0.3070042133331299, 0.13785122334957123, 0.17320480942726135, 0.27747592329978943], "times": [20, 61, 66, 83, 89, 111, 145, 176, 196]}, "sunglass": {"scores": [0.27074527740478516, 0.3468591868877411], "times": [126, 133]}, "siamang, Hylobates syndactylus, Symphalangus syndactylus": {"scores": [0.19266606867313385], "times": [131]}, "window shade": {"scores": [0.23347148299217224, 0.22898222506046295, 0.2764553725719452, 0.26085278391838074, 0.22311195731163025], "times": [73, 91, 104, 136, 141]}, "trench coat": {"scores": [0.8367948532104492, 0.2672380805015564, 0.8455129861831665, 0.2918564975261688, 0.39212289452552795, 0.4503536522388458, 0.6593577861785889], "times": [21, 34, 65, 86, 151, 160, 200]}, "candle, taper, wax light": {"scores": [0.849757730960846, 0.1992519646883011], "times": [52, 57]}, "altar": {"scores": [0.4342743754386902, 0.8319101929664612], "times": [76, 95]}, "plate rack": {"scores": [0.3668419420719147], "times": [94]}, "china cabinet, china closet": {"scores": [0.044416747987270355], "times": [79]}, "oxygen mask": {"scores": [0.37086430191993713, 0.10433478653430939, 0.7933053970336914], "times": [59, 78, 142]}, "tench, Tinca tinca": {"scores": [0.2364097386598587, 0.08457963913679123, 0.1308646947145462, 0.24889659881591797], "times": [72, 148, 178, 204]}, "window screen": {"scores": [0.1555551141500473, 0.07783272117376328, 0.08256423473358154, 0.2681266963481903], "times": [42, 55, 120, 172]}, "solar dish, solar collector, solar furnace": {"scores": [0.2243601530790329, 0.2107255905866623], "times": [41, 123]}, "crutch": {"scores": [0.8082594275474548], "times": [124]}, "sunglasses, dark glasses, shades": {"scores": [0.7419615387916565, 0.6165915131568909, 0.4418467581272125, 0.7781535983085632], "times": [25, 29, 38, 129]}, "suit, suit of clothes": {"scores": [0.7269067764282227, 0.6474202275276184, 0.3180973529815674, 0.8472795486450195, 0.514176070690155, 0.4616016745567322, 0.2730216681957245, 0.4648089110851288, 0.4887946546077728, 0.5516429543495178, 0.2712208330631256, 0.8190605640411377, 0.22409722208976746, 0.397760272026062, 0.7369455099105835, 0.3236455023288727, 0.5763363838195801, 0.7173035144805908, 0.24950507283210754, 0.18202409148216248], "times": [3, 45, 50, 58, 81, 90, 93, 101, 110, 119, 140, 143, 149, 170, 187, 189, 194, 201, 206, 209]}, "knee pad": {"scores": [0.3721815049648285], "times": [128]}, "vault": {"scores": [0.21481986343860626, 0.2778651714324951, 0.1046755239367485, 0.48364439606666565, 0.3685135245323181, 0.5018282532691956, 0.4153563380241394, 0.21668890118598938], "times": [35, 67, 88, 146, 161, 174, 177, 190]}, "television, television system": {"scores": [0.06235455349087715, 0.07410665601491928, 0.11307597160339355], "times": [92, 109, 132]}, "lab coat, laboratory coat": {"scores": [0.2174370139837265, 0.25827378034591675, 0.21742209792137146, 0.3138212263584137, 0.07062851637601852, 0.4553740918636322, 0.6549031734466553, 0.7975733280181885, 0.24129679799079895, 0.4240490198135376, 0.42266198992729187, 0.7359018921852112, 0.6761093139648438, 0.39109092950820923, 0.30285459756851196, 0.34374386072158813, 0.9436343908309937, 0.423830509185791, 0.32017701864242554, 0.31605881452560425], "times": [12, 24, 27, 37, 44, 56, 63, 71, 75, 87, 113, 117, 121, 144, 150, 153, 155, 197, 205, 210]}, "shower curtain": {"scores": [0.6472648978233337], "times": [11]}}}