{"labels": {"wig": {"scores": [0.7385929226875305, 0.10773672163486481], "labelId": "n04584207", "times": [51, 54]}, "cash machine, cash dispenser, automated teller machine, automatic teller machine, automated teller, automatic teller, ATM": {"scores": [0.10830700397491455], "labelId": "n02977058", "times": [60]}, "bucket, pail": {"scores": [0.059204306453466415], "labelId": "n02909870", "times": [102]}, "kite": {"scores": [0.2717936038970947], "labelId": "n01608432", "times": [27]}, "submarine, pigboat, sub, U-boat": {"scores": [0.4098527133464813], "labelId": "n04347754", "times": [68]}, "maillot": {"scores": [0.0999869853258133, 0.07786209136247635], "labelId": "n03710637", "times": [66, 86]}, "caldron, cauldron": {"scores": [0.952978789806366, 0.15135648846626282], "labelId": "n02939185", "times": [75, 81]}, "torch": {"scores": [0.6313938498497009], "labelId": "n04456115", "times": [69]}, "seashore, coast, seacoast, sea-coast": {"scores": [0.6781807541847229], "labelId": "n09428293", "times": [65]}, "shower cap": {"scores": [0.2517470121383667], "labelId": "n04209133", "times": [13]}, "tub, vat": {"scores": [0.04175799712538719], "labelId": "n04493381", "times": [97]}, "moving van": {"scores": [0.07326295971870422, 0.13441716134548187], "labelId": "n03796401", "times": [29, 58]}, "passenger car, coach, carriage": {"scores": [0.24100758135318756], "labelId": "n03895866", "times": [41]}, "bannister, banister, balustrade, balusters, handrail": {"scores": [0.5478270053863525], "labelId": "n02788148", "times": [4]}, "theater curtain, theatre curtain": {"scores": [0.11110242456197739], "labelId": "n04418357", "times": [12]}, "comic book": {"scores": [0.060978859663009644], "labelId": "n06596364", "times": [95]}, "chain saw, chainsaw": {"scores": [0.8695911765098572], "labelId": "n03000684", "times": [78]}, "sliding door": {"scores": [0.5083091855049133], "labelId": "n04239074", "times": [22]}, "car mirror": {"scores": [0.8482840657234192], "labelId": "n02965783", "times": [34]}, "Angora, Angora rabbit": {"scores": [0.3006574511528015], "labelId": "n02328150", "times": [15]}, "geyser": {"scores": [0.34022462368011475, 0.5860688090324402, 0.6557959914207458], "labelId": "n09288635", "times": [14, 52, 63]}, "monitor": {"scores": [0.2044280767440796, 0.037107788026332855], "labelId": "n03782006", "times": [6, 83]}, "breakwater, groin, groyne, mole, bulwark, seawall, jetty": {"scores": [0.13610436022281647], "labelId": "n02894605", "times": [0]}, "laptop, laptop computer": {"scores": [0.2767258882522583], "labelId": "n03642806", "times": [8]}, "schooner": {"scores": [0.20106421411037445], "labelId": "n04147183", "times": [74]}, "ashcan, trash can, garbage can, wastebin, ash bin, ash-bin, ashbin, dustbin, trash barrel, trash bin": {"scores": [0.40034347772598267], "labelId": "n02747177", "times": [72]}, "meerkat, mierkat": {"scores": [0.03478141501545906], "labelId": "n02138441", "times": [26]}, "potter's wheel": {"scores": [0.15142352879047394], "labelId": "n03992509", "times": [40]}, "snowmobile": {"scores": [0.26930415630340576], "labelId": "n04252077", "times": [67]}, "Windsor tie": {"scores": [0.1962103545665741, 0.11499197036027908], "labelId": "n04591157", "times": [49, 100]}, "prison, prison house": {"scores": [0.3419173061847687, 0.16931328177452087, 0.3467811346054077, 0.2886272370815277, 0.82276850938797, 0.22269918024539948], "labelId": "n04005630", "times": [3, 5, 9, 19, 23, 89]}, "Madagascar cat, ring-tailed lemur, Lemur catta": {"scores": [0.14863160252571106], "labelId": "n02497673", "times": [38]}, "liner, ocean liner": {"scores": [0.14442820847034454], "labelId": "n03673027", "times": [1]}, "stage": {"scores": [0.1616755872964859, 0.20907048881053925, 0.1732977032661438], "labelId": "n04296562", "times": [84, 90, 92]}, "great white shark, white shark, man-eater, man-eating shark, Carcharodon carcharias": {"scores": [0.6245273947715759, 0.3113537132740021, 0.30995604395866394, 0.7657145261764526], "labelId": "n01484850", "times": [28, 59, 64, 77]}, "binoculars, field glasses, opera glasses": {"scores": [0.15096984803676605], "labelId": "n02841315", "times": [37]}, "ballplayer, baseball player": {"scores": [0.09597951173782349], "labelId": "n09835506", "times": [96]}, "organ, pipe organ": {"scores": [0.08825575560331345, 0.24851606786251068], "labelId": "n03854065", "times": [56, 99]}, "street sign": {"scores": [0.3597221374511719, 0.31750258803367615], "labelId": "n06794110", "times": [10, 101]}, "iron, smoothing iron": {"scores": [0.0772613137960434], "labelId": "n03584829", "times": [31]}, "bell cote, bell cot": {"scores": [0.43439969420433044, 0.1069653108716011], "labelId": "n02825657", "times": [30, 32]}, "pajama, pyjama, pj's, jammies": {"scores": [0.09953633695840836, 0.09270922094583511], "labelId": "n03877472", "times": [45, 76]}, "cab, hack, taxi, taxicab": {"scores": [0.9279881119728088, 0.10603667795658112], "labelId": "n02930766", "times": [33, 61]}, "missile": {"scores": [0.520969033241272], "labelId": "n03773504", "times": [55]}, "trench coat": {"scores": [0.5203962922096252, 0.1605423390865326], "labelId": "n04479046", "times": [43, 85]}, "hammerhead, hammerhead shark": {"scores": [0.1778937429189682], "labelId": "n01494475", "times": [73]}, "lab coat, laboratory coat": {"scores": [0.07711165398359299], "labelId": "n03630383", "times": [42]}, "bulletproof vest": {"scores": [0.6743221282958984], "labelId": "n02916936", "times": [88]}, "maillot, tank suit": {"scores": [0.3668336570262909], "labelId": "n03710721", "times": [44]}, "parallel bars, bars": {"scores": [0.14277470111846924], "labelId": "n03888605", "times": [82]}, "digital clock": {"scores": [0.13413919508457184, 0.13413919508457184], "labelId": "n03196217", "times": [25, 91]}, "chainlink fence": {"scores": [0.41462185978889465], "labelId": "n03000134", "times": [87]}, "window screen": {"scores": [0.1559106707572937], "labelId": "n04589890", "times": [46]}, "refrigerator, icebox": {"scores": [0.115565225481987], "labelId": "n04070727", "times": [20]}, "bow": {"scores": [0.7466071844100952], "labelId": "n02879718", "times": [50]}, "barbershop": {"scores": [0.11800288408994675, 0.9448442459106445], "labelId": "n02791270", "times": [57, 71]}, "suit, suit of clothes": {"scores": [0.1930517852306366, 0.10738954693078995], "labelId": "n04350905", "times": [79, 98]}, "plate rack": {"scores": [0.049486856907606125], "labelId": "n03961711", "times": [93]}, "ambulance": {"scores": [0.11122333258390427], "labelId": "n02701002", "times": [70]}, "abaya": {"scores": [0.19950345158576965, 0.3105335235595703], "labelId": "n02667093", "times": [47, 62]}, "television, television system": {"scores": [0.16521550714969635, 0.6107444763183594, 0.569133460521698], "labelId": "n04404412", "times": [11, 17, 21]}, "Band Aid": {"scores": [0.3771842122077942, 0.13964101672172546], "labelId": "n02786058", "times": [16, 94]}, "wing": {"scores": [0.07556701451539993], "labelId": "n04592741", "times": [36]}, "fireboat": {"scores": [0.5182982087135315], "labelId": "n03344393", "times": [48]}, "ski": {"scores": [0.7398064136505127], "labelId": "n04228054", "times": [39]}}}