{"labels": {"wig": {"scores": [0.3527069389820099, 0.40181392431259155], "labelId": "n04584207", "times": [53, 56]}, "lakeside, lakeshore": {"scores": [0.4326995313167572], "labelId": "n09332890", "times": [68]}, "submarine, pigboat, sub, U-boat": {"scores": [0.18609410524368286], "labelId": "n04347754", "times": [0]}, "bearskin, busby, shako": {"scores": [0.10591873526573181], "labelId": "n02817516", "times": [82]}, "electric guitar": {"scores": [0.2897392213344574], "labelId": "n03272010", "times": [33]}, "torch": {"scores": [0.3256113827228546], "labelId": "n04456115", "times": [32]}, "scoreboard": {"scores": [0.14540375769138336], "labelId": "n04149813", "times": [10]}, "packet": {"scores": [0.11919239163398743], "labelId": "n03871628", "times": [97]}, "gong, tam-tam": {"scores": [0.25378015637397766], "labelId": "n03447721", "times": [71]}, "bannister, banister, balustrade, balusters, handrail": {"scores": [0.49793633818626404, 0.28440991044044495, 0.2609046399593353], "labelId": "n02788148", "times": [4, 23, 43]}, "theater curtain, theatre curtain": {"scores": [0.3231494128704071], "labelId": "n04418357", "times": [21]}, "shield, buckler": {"scores": [0.05019374191761017], "labelId": "n04192698", "times": [100]}, "sweatshirt": {"scores": [0.549882173538208], "labelId": "n04370456", "times": [52]}, "sliding door": {"scores": [0.2144019454717636], "labelId": "n04239074", "times": [47]}, "geyser": {"scores": [0.3821333348751068], "labelId": "n09288635", "times": [65]}, "weasel": {"scores": [0.09133146703243256], "labelId": "n02441942", "times": [55]}, "monitor": {"scores": [0.26947909593582153, 0.22032837569713593], "labelId": "n03782006", "times": [14, 50]}, "plastic bag": {"scores": [0.07625686377286911], "labelId": "n03958227", "times": [70]}, "laptop, laptop computer": {"scores": [0.21742914617061615], "labelId": "n03642806", "times": [7]}, "toaster": {"scores": [0.20965951681137085], "labelId": "n04442312", "times": [36]}, "garbage truck, dustcart": {"scores": [0.1925792545080185, 0.5829364657402039], "labelId": "n03417042", "times": [58, 60]}, "cash machine, cash dispenser, automated teller machine, automatic teller machine, automated teller, automatic teller, ATM": {"scores": [0.06617781519889832, 0.13746428489685059, 0.2687351703643799, 0.3274284601211548, 0.07107922434806824], "labelId": "n02977058", "times": [30, 59, 62, 66, 69]}, "fountain": {"scores": [0.29306042194366455, 0.6753389239311218, 0.14189398288726807, 0.14059467613697052], "labelId": "n03388043", "times": [16, 22, 31, 41]}, "great white shark, white shark, man-eater, man-eating shark, Carcharodon carcharias": {"scores": [0.33230409026145935, 0.5901039838790894, 0.2642364799976349], "labelId": "n01484850", "times": [34, 61, 76]}, "Windsor tie": {"scores": [0.12614569067955017, 0.0771506279706955, 0.19354507327079773], "labelId": "n04591157", "times": [17, 40, 92]}, "prison, prison house": {"scores": [0.42737844586372375, 0.24464674293994904, 0.9434278011322021, 0.5778693556785583, 0.9597444534301758], "labelId": "n04005630", "times": [3, 5, 24, 90, 101]}, "albatross, mollymawk": {"scores": [0.15790221095085144], "labelId": "n02058221", "times": [28]}, "liner, ocean liner": {"scores": [0.21555690467357635], "labelId": "n03673027", "times": [2]}, "caldron, cauldron": {"scores": [0.09093931317329407, 0.8656204342842102], "labelId": "n02939185", "times": [77, 84]}, "digital clock": {"scores": [0.11235949397087097, 0.14262272417545319, 0.13411341607570648, 0.13411341607570648], "labelId": "n03196217", "times": [11, 26, 94, 102]}, "amphibian, amphibious vehicle": {"scores": [0.08639553189277649], "labelId": "n02704792", "times": [35]}, "crate": {"scores": [0.20361672341823578], "labelId": "n03127925", "times": [72]}, "bathing cap, swimming cap": {"scores": [0.2999497056007385], "labelId": "n02807133", "times": [87]}, "horizontal bar, high bar": {"scores": [0.6201157569885254], "labelId": "n03535780", "times": [75]}, "web site, website, internet site, site": {"scores": [0.21441061794757843], "labelId": "n06359193", "times": [8]}, "basketball": {"scores": [0.17190411686897278], "labelId": "n02802426", "times": [86]}, "tiger shark, Galeocerdo cuvieri": {"scores": [0.31857413053512573, 0.7296590209007263, 0.3328656852245331], "labelId": "n01491361", "times": [29, 79, 81]}, "shower curtain": {"scores": [0.07157690078020096], "labelId": "n04209239", "times": [67]}, "bulletproof vest": {"scores": [0.443830281496048], "labelId": "n02916936", "times": [91]}, "crane": {"scores": [0.1172100082039833], "labelId": "n03126707", "times": [37]}, "trench coat": {"scores": [0.3814634084701538, 0.07682208716869354], "labelId": "n04479046", "times": [83, 88]}, "ski mask": {"scores": [0.10643918067216873], "labelId": "n04229816", "times": [73]}, "parallel bars, bars": {"scores": [0.49947330355644226], "labelId": "n03888605", "times": [85]}, "black stork, Ciconia nigra": {"scores": [0.2179136723279953, 0.4185565710067749], "labelId": "n02002724", "times": [27, 54]}, "book jacket, dust cover, dust jacket, dust wrapper": {"scores": [0.07369909435510635], "labelId": "n07248320", "times": [74]}, "sleeping bag": {"scores": [0.2421959787607193, 0.07475513964891434], "labelId": "n04235860", "times": [78, 80]}, "mask": {"scores": [0.9811315536499023], "labelId": "n03724870", "times": [39]}, "refrigerator, icebox": {"scores": [0.11752520501613617], "labelId": "n04070727", "times": [20]}, "bow": {"scores": [0.5481551289558411], "labelId": "n02879718", "times": [64]}, "hair spray": {"scores": [0.1696673333644867], "labelId": "n03476991", "times": [46]}, "seat belt, seatbelt": {"scores": [0.11082513630390167], "labelId": "n04162706", "times": [63]}, "barbershop": {"scores": [0.7557986378669739, 0.3320508301258087, 0.19230635464191437], "labelId": "n02791270", "times": [38, 96, 99]}, "suit, suit of clothes": {"scores": [0.14967362582683563, 0.10247214883565903], "labelId": "n04350905", "times": [51, 93]}, "abaya": {"scores": [0.4767700135707855, 0.3243957757949829], "labelId": "n02667093", "times": [48, 89]}, "television, television system": {"scores": [0.09629517793655396, 0.3839118778705597, 0.32063591480255127], "labelId": "n04404412", "times": [6, 12, 18]}, "lab coat, laboratory coat": {"scores": [0.2118874043226242, 0.3893478512763977, 0.11790838092565536], "labelId": "n03630383", "times": [9, 42, 44]}, "wing": {"scores": [0.1096155047416687], "labelId": "n04592741", "times": [57]}, "fireboat": {"scores": [0.3273547887802124], "labelId": "n03344393", "times": [15]}, "killer whale, killer, orca, grampus, sea wolf, Orcinus orca": {"scores": [0.8216042518615723], "labelId": "n02071294", "times": [45]}}}