{"labels": {"book jacket, dust cover, dust jacket, dust wrapper": {"scores": [0.5063098073005676, 0.3269122242927551, 0.18891188502311707, 0.16301241517066956, 0.49413424730300903, 0.40117254853248596, 0.5856296420097351, 0.45437127351760864, 0.85500568151474, 0.08544518798589706, 0.1484082192182541], "labelId": "n07248320", "times": [0, 4, 14, 16, 23, 30, 47, 52, 55, 63, 82]}, "torch": {"scores": [0.1306779682636261, 0.0709310993552208], "labelId": "n04456115", "times": [36, 61]}, "scoreboard": {"scores": [0.19550342857837677], "labelId": "n04149813", "times": [29]}, "packet": {"scores": [0.1640918254852295, 0.18700318038463593], "labelId": "n03871628", "times": [9, 43]}, "gong, tam-tam": {"scores": [0.13873866200447083, 0.11996661871671677, 0.03495221957564354, 0.3420923054218292], "labelId": "n03447721", "times": [2, 13, 40, 54]}, "space shuttle": {"scores": [0.10377197712659836], "labelId": "n04266014", "times": [34]}, "planetarium": {"scores": [0.19662019610404968], "labelId": "n03955941", "times": [33]}, "birdhouse": {"scores": [0.3434849679470062], "labelId": "n02843684", "times": [37]}, "lemon": {"scores": [0.05942653492093086], "labelId": "n05716342", "times": [44]}, "puffer, pufferfish, blowfish, globefish": {"scores": [0.7077528238296509, 0.3549955487251282], "labelId": "n02655020", "times": [65, 76]}, "studio couch, day bed": {"scores": [0.0933259129524231], "labelId": "n04344873", "times": [10]}, "upright, upright piano": {"scores": [0.4097786247730255], "labelId": "n04515003", "times": [53]}, "prairie chicken, prairie grouse, prairie fowl": {"scores": [0.3513014316558838], "labelId": "n01798484", "times": [77]}, "honeycomb": {"scores": [0.23029181361198425], "labelId": "n03530642", "times": [42]}, "consomme": {"scores": [0.17878830432891846, 0.10873757302761078, 0.13556979596614838, 0.2523925304412842], "labelId": "n07584110", "times": [7, 17, 39, 62]}, "snail": {"scores": [0.07255100458860397], "labelId": "n01944390", "times": [18]}, "Labrador retriever": {"scores": [0.1015140637755394], "labelId": "n02099712", "times": [41]}, "web site, website, internet site, site": {"scores": [0.0662560760974884, 0.12369975447654724, 0.25230205059051514, 0.14477118849754333, 0.0669684112071991], "labelId": "n06359193", "times": [12, 15, 64, 80, 83]}, "steel drum": {"scores": [0.9485855102539062, 0.563818633556366], "labelId": "n04311174", "times": [6, 38]}, "komondor": {"scores": [0.08032145351171494], "labelId": "n02105505", "times": [11]}, "cab, hack, taxi, taxicab": {"scores": [0.034006956964731216], "labelId": "n02930766", "times": [19]}, "tick": {"scores": [0.23877249658107758], "labelId": "n01776313", "times": [35]}, "slug": {"scores": [0.4159085750579834], "labelId": "n01945685", "times": [46]}, "sea lion": {"scores": [0.6635075211524963], "labelId": "n02077923", "times": [51]}, "sturgeon": {"scores": [0.3676510155200958], "labelId": "n02640242", "times": [20]}, "pretzel": {"scores": [0.7906680703163147], "labelId": "n07695742", "times": [8]}, "eel": {"scores": [0.5874665379524231, 0.5992656350135803], "labelId": "n02526121", "times": [68, 75]}, "electric ray, crampfish, numbfish, torpedo": {"scores": [0.554663360118866], "labelId": "n01496331", "times": [73]}, "hippopotamus, hippo, river horse, Hippopotamus amphibius": {"scores": [0.1126110628247261], "labelId": "n02398521", "times": [45]}}}