{"labels": {"planetarium": {"scores": [0.9902108907699585], "labelId": "n03955941", "times": [81]}, "dugong, Dugong dugon": {"scores": [0.3067873418331146, 0.3008401393890381, 0.3497275412082672], "labelId": "n02074367", "times": [12, 24, 50]}, "sea lion": {"scores": [0.518921434879303, 0.25437164306640625, 0.6796126365661621], "labelId": "n02077923", "times": [51, 55, 59]}, "puffer, pufferfish, blowfish, globefish": {"scores": [0.27424073219299316, 0.4961942136287689, 0.44669243693351746], "labelId": "n02655020", "times": [68, 73, 75]}, "book jacket, dust cover, dust jacket, dust wrapper": {"scores": [0.5155550241470337, 0.4372197389602661, 0.25455188751220703, 0.4981172978878021, 0.20192578434944153], "labelId": "n07248320", "times": [0, 3, 13, 25, 38]}, "alp": {"scores": [0.15944741666316986], "labelId": "n09193705", "times": [41]}, "gar, garfish, garpike, billfish, Lepisosteus osseus": {"scores": [0.5428415536880493], "labelId": "n02641379", "times": [44]}, "eel": {"scores": [0.36402657628059387], "labelId": "n02526121", "times": [67]}, "killer whale, killer, orca, grampus, sea wolf, Orcinus orca": {"scores": [0.15263612568378448, 0.745549738407135, 0.5043587684631348, 0.12254389375448227, 0.3278786242008209], "labelId": "n02071294", "times": [40, 42, 52, 80, 82]}, "tiger shark, Galeocerdo cuvieri": {"scores": [0.36112624406814575, 0.3677252531051636, 0.6800574660301208, 0.5290421843528748, 0.49158138036727905, 0.34438320994377136, 0.7106434106826782, 0.5435492992401123], "labelId": "n01491361", "times": [6, 18, 21, 46, 53, 56, 63, 83]}, "electric ray, crampfish, numbfish, torpedo": {"scores": [0.1913357675075531, 0.1619187593460083, 0.585905134677887, 0.6710229516029358, 0.5792347192764282, 0.8556262850761414, 0.498329758644104, 0.47038230299949646], "labelId": "n01496331", "times": [2, 23, 32, 60, 64, 69, 74, 76]}, "hammerhead, hammerhead shark": {"scores": [0.096873939037323, 0.3738636076450348], "labelId": "n01494475", "times": [20, 57]}, "grey whale, gray whale, devilfish, Eschrichtius gibbosus, Eschrichtius robustus": {"scores": [0.41157129406929016, 0.15269508957862854], "labelId": "n02066245", "times": [17, 62]}, "great white shark, white shark, man-eater, man-eating shark, Carcharodon carcharias": {"scores": [0.6181429028511047, 0.49293267726898193, 0.4993450939655304, 0.2221805453300476], "labelId": "n01484850", "times": [7, 14, 35, 45]}}}