{"labels": {"racket, racquet": {"scores": [0.31641170382499695, 0.2906480133533478, 0.12578289210796356, 0.1672441065311432, 0.1802932322025299, 0.21326543390750885], "labelId": "n04039381", "times": [25, 30, 35, 52, 58, 95]}, "Sussex spaniel": {"scores": [0.4388420581817627, 0.25578296184539795, 0.2247074544429779, 0.16979724168777466, 0.1325099915266037, 0.20737501978874207, 0.1746884435415268, 0.18743060529232025, 0.09867534041404724, 0.24099794030189514, 0.6701651811599731, 0.3380040228366852, 0.3545681834220886, 0.4552847445011139, 0.3145997226238251, 0.23620013892650604, 0.2862337529659271], "labelId": "n02102480", "times": [5, 22, 27, 32, 37, 39, 44, 49, 53, 55, 61, 80, 89, 91, 93, 97, 99]}, "book jacket, dust cover, dust jacket, dust wrapper": {"scores": [0.26382407546043396], "labelId": "n07248320", "times": [2]}, "horizontal bar, high bar": {"scores": [0.15336567163467407, 0.10561838746070862], "labelId": "n03535780", "times": [21, 45]}, "web site, website, internet site, site": {"scores": [0.10340970009565353], "labelId": "n06359193", "times": [107]}, "grand piano, grand": {"scores": [0.08102482557296753], "labelId": "n03452741", "times": [1]}, "balance beam, beam": {"scores": [0.17391251027584076, 0.331461101770401, 0.5686876773834229, 0.36580130457878113, 0.2349223494529724, 0.27732840180397034, 0.16532298922538757, 0.13231304287910461, 0.29513463377952576, 0.19328279793262482, 0.7026066184043884, 0.1279188096523285], "labelId": "n02777292", "times": [36, 38, 41, 46, 57, 60, 79, 88, 90, 92, 94, 98]}, "Afghan hound, Afghan": {"scores": [0.11644252389669418], "labelId": "n02088094", "times": [54]}, "digital clock": {"scores": [0.13413919508457184, 0.13420860469341278], "labelId": "n03196217", "times": [0, 104]}}}