{"labels": {"football helmet": {"scores": [0.10583899915218353], "labelId": "n03379051", "times": [79]}, "book jacket, dust cover, dust jacket, dust wrapper": {"scores": [0.20136786997318268], "labelId": "n07248320", "times": [2]}, "unicycle, monocycle": {"scores": [0.13902908563613892, 0.06435398757457733, 0.1867900788784027], "labelId": "n04509417", "times": [18, 21, 42]}, "Leonberg": {"scores": [0.15018290281295776, 0.08199919760227203, 0.1306634247303009, 0.04713523015379906, 0.07313305139541626], "labelId": "n02111129", "times": [12, 19, 23, 28, 33]}, "shower cap": {"scores": [0.059534113854169846], "labelId": "n04209133", "times": [7]}, "basketball": {"scores": [0.10353090614080429, 0.10730660706758499, 0.06711696833372116, 0.16169701516628265, 0.17974412441253662, 0.16919486224651337], "labelId": "n02802426", "times": [8, 10, 15, 22, 30, 59]}, "kimono": {"scores": [0.1857070028781891, 0.11008608341217041, 0.20258693397045135, 0.13157279789447784, 0.15970705449581146, 0.13565120100975037, 0.13417120277881622], "labelId": "n03617480", "times": [24, 26, 68, 70, 72, 80, 91]}, "cash machine, cash dispenser, automated teller machine, automatic teller machine, automated teller, automatic teller, ATM": {"scores": [0.10456816852092743, 0.33424654603004456, 0.05202142521739006], "labelId": "n02977058", "times": [35, 54, 89]}, "balance beam, beam": {"scores": [0.04259684309363365, 0.051274899393320084, 0.0931994616985321, 0.11364536732435226, 0.20468586683273315, 0.2931517958641052], "labelId": "n02777292", "times": [6, 9, 17, 20, 41, 85]}, "ski": {"scores": [0.15650847554206848, 0.04890741780400276, 0.13819633424282074], "labelId": "n04228054", "times": [39, 60, 102]}, "digital clock": {"scores": [0.13411341607570648, 0.08066939562559128], "labelId": "n03196217", "times": [0, 5]}, "ballplayer, baseball player": {"scores": [0.09830081462860107, 0.1322803497314453], "labelId": "n09835506", "times": [25, 62]}, "bathing cap, swimming cap": {"scores": [0.05613671988248825, 0.22375623881816864, 0.12681639194488525], "labelId": "n02807133", "times": [61, 64, 93]}, "steel drum": {"scores": [0.09596429765224457], "labelId": "n04311174", "times": [58]}, "toyshop": {"scores": [0.6306774616241455, 0.20746508240699768, 0.8274337649345398, 0.2784098982810974, 0.21228809654712677, 0.4376239478588104, 0.1223740205168724, 0.11111757159233093, 0.26041772961616516, 0.7070826292037964, 0.4374984800815582], "labelId": "n04462240", "times": [36, 40, 43, 55, 63, 65, 84, 90, 92, 94, 103]}, "grand piano, grand": {"scores": [0.09366502612829208], "labelId": "n03452741", "times": [1]}, "bookshop, bookstore, bookstall": {"scores": [0.057918161153793335], "labelId": "n02871525", "times": [101]}, "bulletproof vest": {"scores": [0.23635351657867432, 0.04845833778381348], "labelId": "n02916936", "times": [67, 71]}, "bearskin, busby, shako": {"scores": [0.2684439718723297, 0.07662906497716904, 0.07299091666936874], "labelId": "n02817516", "times": [74, 82, 88]}, "crutch": {"scores": [0.11478134244680405], "labelId": "n03141823", "times": [69]}, "knee pad": {"scores": [0.17247912287712097], "labelId": "n03623198", "times": [34]}, "abaya": {"scores": [0.12466859817504883, 0.31574326753616333, 0.2897658050060272, 0.1074478030204773, 0.07840972393751144], "labelId": "n02667093", "times": [16, 27, 29, 83, 107]}}}