{"labels": {"wreck": {"scores": [0.2104390263557434], "times": [3]}, "scuba diver": {"scores": [0.15781792998313904, 0.1976122260093689], "times": [4, 8]}, "spider web, spider's web": {"scores": [0.11978533118963242], "times": [0]}, "fountain": {"scores": [0.2051638662815094, 0.2072928249835968], "times": [6, 13]}, "chocolate sauce, chocolate syrup": {"scores": [0.03151720017194748], "times": [10]}, "swing": {"scores": [0.4157620966434479], "times": [1]}, "cliff, drop, drop-off": {"scores": [0.060339633375406265], "times": [12]}, "bubble": {"scores": [0.13930270075798035], "times": [2]}, "alp": {"scores": [0.11922795325517654], "times": [11]}, "ice bear, polar bear, Ursus Maritimus, Thalarctos maritimus": {"scores": [0.0717768669128418], "times": [5]}}}