{"labels": {"breastplate, aegis, egis": {"scores": [0.18482255935668945], "labelId": "n02895154", "times": [10]}, "wreck": {"scores": [0.23621758818626404], "labelId": "n04606251", "times": [3]}, "scuba diver": {"scores": [0.10968449711799622, 0.18914581835269928], "labelId": "n10565667", "times": [4, 8]}, "gar, garfish, garpike, billfish, Lepisosteus osseus": {"scores": [0.07589783519506454], "labelId": "n02641379", "times": [5]}, "spider web, spider's web": {"scores": [0.0992387980222702], "labelId": "n04275548", "times": [0]}, "indri, indris, Indri indri, Indri brevicaudatus": {"scores": [0.04896436631679535], "labelId": "n02500267", "times": [12]}, "fountain": {"scores": [0.11155921965837479], "labelId": "n03388043", "times": [6]}, "swing": {"scores": [0.32841354608535767], "labelId": "n04371774", "times": [1]}, "abaya": {"scores": [0.23095250129699707], "labelId": "n02667093", "times": [2]}}}