{"labels": {"pelican": {"scores": [0.48065730929374695, 0.2545655369758606, 0.680122971534729, 0.17950491607189178], "labelId": "n02051845", "times": [28, 143, 146, 162]}, "macaque": {"scores": [0.20068812370300293, 0.27536699175834656], "labelId": "n02487347", "times": [104, 106]}, "kite": {"scores": [0.333205908536911, 0.10620946437120438, 0.9458988308906555], "labelId": "n01608432", "times": [171, 177, 223]}, "white stork, Ciconia ciconia": {"scores": [0.7234407663345337, 0.38929787278175354], "labelId": "n02002556", "times": [160, 170]}, "lakeside, lakeshore": {"scores": [0.2769935727119446, 0.5223615169525146], "labelId": "n09332890", "times": [13, 244]}, "marmot": {"scores": [0.8442487120628357, 0.4879686236381531, 0.794224202632904, 0.8412317037582397, 0.8404985070228577, 0.879736065864563], "labelId": "n02361337", "times": [33, 60, 62, 148, 212, 262]}, "torch": {"scores": [0.2211027592420578], "labelId": "n04456115", "times": [153]}, "borzoi, Russian wolfhound": {"scores": [0.4818692207336426], "labelId": "n02090622", "times": [180]}, "spoonbill": {"scores": [0.7996588945388794, 0.41710320115089417, 0.5003700852394104, 0.42228642106056213, 0.4177875816822052, 0.406459778547287, 0.34223073720932007], "labelId": "n02006656", "times": [15, 79, 92, 95, 145, 161, 174]}, "goose": {"scores": [0.6717351078987122], "labelId": "n01855672", "times": [78]}, "red-breasted merganser, Mergus serrator": {"scores": [0.35570386052131653], "labelId": "n01855032", "times": [4]}, "gorilla, Gorilla gorilla": {"scores": [0.9530330896377563], "labelId": "n02480855", "times": [16]}, "stinkhorn, carrion fungus": {"scores": [0.6364749670028687], "labelId": "n13040303", "times": [182]}, "black grouse": {"scores": [0.3611735999584198], "labelId": "n01795545", "times": [80]}, "little blue heron, Egretta caerulea": {"scores": [0.5789620876312256], "labelId": "n02009229", "times": [8]}, "ladybug, ladybeetle, lady beetle, ladybird, ladybird beetle": {"scores": [0.0613463930785656, 0.6941002607345581, 0.03954796865582466, 0.6210641860961914], "labelId": "n02165456", "times": [247, 251, 255, 257]}, "bloodhound, sleuthhound": {"scores": [0.26692450046539307], "labelId": "n02088466", "times": [66]}, "vizsla, Hungarian pointer": {"scores": [0.16725929081439972, 0.3066861927509308], "labelId": "n02100583", "times": [67, 69]}, "gazelle": {"scores": [0.4667176306247711, 0.25748851895332336, 0.38594529032707214], "labelId": "n02423022", "times": [41, 43, 46]}, "eft": {"scores": [0.06931240111589432], "labelId": "n01631663", "times": [256]}, "meerkat, mierkat": {"scores": [0.9588161706924438], "labelId": "n02138441", "times": [50]}, "capuchin, ringtail, Cebus capucinus": {"scores": [0.36200276017189026, 0.911619246006012], "labelId": "n02492035", "times": [105, 107]}, "albatross, mollymawk": {"scores": [0.34881672263145447], "labelId": "n02058221", "times": [217]}, "guenon, guenon monkey": {"scores": [0.48638686537742615, 0.917300820350647], "labelId": "n02484975", "times": [99, 190]}, "Arabian camel, dromedary, Camelus dromedarius": {"scores": [0.5395336151123047, 0.09714114665985107, 0.8766903281211853], "labelId": "n02437312", "times": [42, 44, 49]}, "balance beam, beam": {"scores": [0.31168949604034424], "labelId": "n02777292", "times": [98]}, "ice bear, polar bear, Ursus Maritimus, Thalarctos maritimus": {"scores": [0.11252570897340775], "labelId": "n02134084", "times": [76]}, "hare": {"scores": [0.7531211972236633], "labelId": "n02326432", "times": [183]}, "digital clock": {"scores": [0.13413919508457184, 0.13607773184776306], "labelId": "n03196217", "times": [0, 270]}, "axolotl, mud puppy, Ambystoma mexicanum": {"scores": [0.2449551373720169], "labelId": "n01632777", "times": [163]}, "European gallinule, Porphyrio porphyrio": {"scores": [0.44830361008644104], "labelId": "n02017213", "times": [248]}, "indigo bunting, indigo finch, indigo bird, Passerina cyanea": {"scores": [0.3148365914821625], "labelId": "n01537544", "times": [7]}, "ibex, Capra ibex": {"scores": [0.46966323256492615], "labelId": "n02417914", "times": [48]}, "jacamar": {"scores": [0.16079731285572052], "labelId": "n01843065", "times": [253]}, "seashore, coast, seacoast, sea-coast": {"scores": [0.6210058331489563, 0.28625407814979553], "labelId": "n09428293", "times": [38, 242]}, "swimming trunks, bathing trunks": {"scores": [0.36564111709594727], "labelId": "n04371430", "times": [56]}, "cheetah, chetah, Acinonyx jubatus": {"scores": [0.6017841100692749], "labelId": "n02130308", "times": [45]}, "toucan": {"scores": [0.5204465985298157, 0.20643681287765503, 0.5743723511695862], "labelId": "n01843383", "times": [249, 254, 259]}, "crane": {"scores": [0.363334983587265, 0.9774296283721924, 0.21204450726509094, 0.5365728139877319], "labelId": "n03126707", "times": [2, 81, 93, 96]}, "Rhodesian ridgeback": {"scores": [0.2943668067455292], "labelId": "n02087394", "times": [74]}, "otter": {"scores": [0.3315354585647583, 0.30505993962287903], "labelId": "n02444819", "times": [61, 216]}, "wire-haired fox terrier": {"scores": [0.22158490121364594], "labelId": "n02095314", "times": [181]}, "chambered nautilus, pearly nautilus, nautilus": {"scores": [0.10063104331493378], "labelId": "n01968897", "times": [222]}, "black stork, Ciconia nigra": {"scores": [0.38181355595588684, 0.3633960783481598, 0.4209083914756775, 0.6678270697593689, 0.8205529451370239, 0.9007594585418701, 0.484422504901886, 0.3971613943576813, 0.8024896383285522], "labelId": "n02002724", "times": [5, 9, 94, 154, 156, 164, 172, 176, 178]}, "bustard": {"scores": [0.17611487209796906], "labelId": "n02018795", "times": [3]}, "bow": {"scores": [0.14784760773181915], "labelId": "n02879718", "times": [155]}, "marmoset": {"scores": [0.40561673045158386], "labelId": "n02490219", "times": [211]}, "king penguin, Aptenodytes patagonica": {"scores": [0.9673639535903931], "labelId": "n02056570", "times": [218]}, "sea lion": {"scores": [0.37991270422935486, 0.9288841485977173, 0.25336170196533203, 0.49569565057754517], "labelId": "n02077923", "times": [68, 70, 75, 77]}, "fox squirrel, eastern fox squirrel, Sciurus niger": {"scores": [0.6895333528518677], "labelId": "n02356798", "times": [186]}, "parking meter": {"scores": [0.17009414732456207], "labelId": "n03891332", "times": [221]}, "langur": {"scores": [0.38853487372398376], "labelId": "n02488291", "times": [210]}}}