{"labels": {"pelican": {"scores": [0.5472539663314819, 0.2518492639064789, 0.5829617977142334, 0.27554038166999817], "times": [28, 143, 146, 162]}, "macaque": {"scores": [0.2097586840391159], "times": [106]}, "dugong, Dugong dugon": {"scores": [0.14493469893932343], "times": [163]}, "kite": {"scores": [0.362661212682724, 0.24443501234054565, 0.9542702436447144], "times": [171, 174, 223]}, "white stork, Ciconia ciconia": {"scores": [0.2585020959377289, 0.5446292757987976, 0.4071044623851776], "times": [82, 160, 170]}, "lakeside, lakeshore": {"scores": [0.1756163388490677, 0.6057383418083191], "times": [14, 244]}, "marmot": {"scores": [0.8760533928871155, 0.8029617667198181, 0.7211872339248657, 0.8607491254806519, 0.8453608751296997, 0.8938078880310059], "times": [33, 60, 65, 148, 212, 262]}, "torch": {"scores": [0.20388931035995483], "times": [153]}, "borzoi, Russian wolfhound": {"scores": [0.5643148422241211], "times": [180]}, "spoonbill": {"scores": [0.7486963272094727, 0.37719178199768066, 0.5175094604492188, 0.48300430178642273, 0.3387736976146698, 0.2668457627296448], "times": [15, 79, 92, 95, 145, 175]}, "goose": {"scores": [0.6905088424682617], "times": [78]}, "red-breasted merganser, Mergus serrator": {"scores": [0.2918989062309265], "times": [4]}, "gorilla, Gorilla gorilla": {"scores": [0.947028636932373], "times": [16]}, "stinkhorn, carrion fungus": {"scores": [0.5311332941055298], "times": [182]}, "titi, titi monkey": {"scores": [0.23723739385604858, 0.38290515542030334], "times": [100, 211]}, "black grouse": {"scores": [0.27099472284317017], "times": [80]}, "little blue heron, Egretta caerulea": {"scores": [0.6171962022781372], "times": [8]}, "ladybug, ladybeetle, lady beetle, ladybird, ladybird beetle": {"scores": [0.6547940373420715, 0.7359707355499268], "times": [251, 257]}, "monitor": {"scores": [0.19712182879447937], "times": [243]}, "bloodhound, sleuthhound": {"scores": [0.582708477973938], "times": [66]}, "vizsla, Hungarian pointer": {"scores": [0.1610744148492813, 0.4087859094142914], "times": [67, 69]}, "gazelle": {"scores": [0.6161505579948425, 0.39804548025131226, 0.6654842495918274], "times": [41, 43, 46]}, "eft": {"scores": [0.08799760788679123], "times": [256]}, "meerkat, mierkat": {"scores": [0.9440475106239319], "times": [50]}, "capuchin, ringtail, Cebus capucinus": {"scores": [0.2493547797203064, 0.9320834279060364], "times": [103, 107]}, "albatross, mollymawk": {"scores": [0.21421858668327332, 0.3653593957424164], "times": [144, 217]}, "guenon, guenon monkey": {"scores": [0.5184704661369324, 0.3538510203361511, 0.9314736127853394], "times": [99, 101, 190]}, "Arabian camel, dromedary, Camelus dromedarius": {"scores": [0.29242008924484253, 0.6426059603691101, 0.18143057823181152, 0.9130463600158691], "times": [40, 42, 44, 48]}, "balance beam, beam": {"scores": [0.3766110837459564], "times": [98]}, "ice bear, polar bear, Ursus Maritimus, Thalarctos maritimus": {"scores": [0.2608709931373596], "times": [76]}, "hare": {"scores": [0.8069259524345398], "times": [183]}, "digital clock": {"scores": [0.18330244719982147, 0.22097580134868622], "times": [0, 270]}, "European gallinule, Porphyrio porphyrio": {"scores": [0.4537009298801422], "times": [248]}, "indigo bunting, indigo finch, indigo bird, Passerina cyanea": {"scores": [0.5632108449935913], "times": [7]}, "jacamar": {"scores": [0.361035019159317], "times": [259]}, "seashore, coast, seacoast, sea-coast": {"scores": [0.5532128810882568, 0.27527251839637756], "times": [38, 242]}, "swimming trunks, bathing trunks": {"scores": [0.34894201159477234], "times": [56]}, "cheetah, chetah, Acinonyx jubatus": {"scores": [0.3824867606163025], "times": [45]}, "Ibizan hound, Ibizan Podenco": {"scores": [0.15687912702560425], "times": [75]}, "crane": {"scores": [0.4078480899333954, 0.340285986661911, 0.982165515422821, 0.24134045839309692, 0.6422287225723267], "times": [2, 81, 83, 94, 96]}, "Rhodesian ridgeback": {"scores": [0.21476615965366364], "times": [74]}, "otter": {"scores": [0.2332419604063034], "times": [64]}, "wire-haired fox terrier": {"scores": [0.3536185920238495], "times": [181]}, "space shuttle": {"scores": [0.10828377306461334, 0.1470283567905426], "times": [177, 221]}, "goldfish, Carassius auratus": {"scores": [0.061859022825956345], "times": [247]}, "flamingo": {"scores": [0.2931608557701111], "times": [93]}, "black stork, Ciconia nigra": {"scores": [0.33826538920402527, 0.33344748616218567, 0.708526611328125, 0.8594354391098022, 0.3002401292324066, 0.8939123153686523, 0.2678123712539673, 0.22842969000339508, 0.6458510160446167], "times": [5, 10, 154, 156, 161, 164, 172, 176, 178]}, "American egret, great white heron, Egretta albus": {"scores": [0.2028927356004715, 0.334452748298645], "times": [13, 97]}, "bustard": {"scores": [0.2237686812877655, 0.3294370770454407], "times": [3, 9]}, "bow": {"scores": [0.22761419415473938], "times": [155]}, "marmoset": {"scores": [0.3557058274745941], "times": [210]}, "king penguin, Aptenodytes patagonica": {"scores": [0.9789777994155884], "times": [218]}, "sea lion": {"scores": [0.27620187401771545, 0.7981650829315186, 0.5084916353225708], "times": [68, 70, 77]}, "fox squirrel, eastern fox squirrel, Sciurus niger": {"scores": [0.7244454622268677], "times": [185]}, "toucan": {"scores": [0.6167734861373901, 0.20493245124816895, 0.7919683456420898], "times": [249, 254, 260]}}}