{"labels": {"macaque": {"scores": [0.2884167730808258], "labelId": "n02487347", "times": [97]}, "mink": {"scores": [0.22753950953483582], "labelId": "n02442845", "times": [85]}, "triceratops": {"scores": [0.17522771656513214], "labelId": "n01704323", "times": [72]}, "barber chair": {"scores": [0.21418480575084686], "labelId": "n02791124", "times": [13]}, "submarine, pigboat, sub, U-boat": {"scores": [0.3485032320022583], "labelId": "n04347754", "times": [21]}, "bearskin, busby, shako": {"scores": [0.16223278641700745], "labelId": "n02817516", "times": [31]}, "grand piano, grand": {"scores": [0.22376646101474762], "labelId": "n03452741", "times": [60]}, "fur coat": {"scores": [0.4414635896682739], "labelId": "n03404251", "times": [80]}, "library": {"scores": [0.47333523631095886, 0.4804478585720062], "labelId": "n03661043", "times": [78, 81]}, "Saluki, gazelle hound": {"scores": [0.11479900777339935], "labelId": "n02091831", "times": [87]}, "tub, vat": {"scores": [0.5436111092567444], "labelId": "n04493381", "times": [20]}, "hand blower, blow dryer, blow drier, hair dryer, hair drier": {"scores": [0.21578200161457062, 0.21197140216827393, 0.3890722990036011], "labelId": "n03483316", "times": [102, 109, 117]}, "paper towel": {"scores": [0.14765453338623047], "labelId": "n03887697", "times": [93]}, "killer whale, killer, orca, grampus, sea wolf, Orcinus orca": {"scores": [0.2348564863204956], "labelId": "n02071294", "times": [19]}, "moped": {"scores": [0.06290460377931595], "labelId": "n03785016", "times": [12]}, "bookshop, bookstore, bookstall": {"scores": [0.4269046485424042, 0.4400751292705536], "labelId": "n02871525", "times": [79, 83]}, "standard poodle": {"scores": [0.12701888382434845], "labelId": "n02113799", "times": [92]}, "affenpinscher, monkey pinscher, monkey dog": {"scores": [0.1814933717250824], "labelId": "n02110627", "times": [7]}, "medicine chest, medicine cabinet": {"scores": [0.2924666404724121], "labelId": "n03742115", "times": [64]}, "Shih-Tzu": {"scores": [0.13607214391231537], "labelId": "n02086240", "times": [48]}, "racer, race car, racing car": {"scores": [0.2915310561656952, 0.2603743374347687], "labelId": "n04037443", "times": [101, 110]}, "Angora, Angora rabbit": {"scores": [0.1164512038230896], "labelId": "n02328150", "times": [50]}, "monitor": {"scores": [0.16021931171417236, 0.22942204773426056, 0.23764890432357788, 0.2952842712402344, 0.29601529240608215], "labelId": "n03782006", "times": [100, 103, 106, 112, 118]}, "studio couch, day bed": {"scores": [0.17404644191265106], "labelId": "n04344873", "times": [77]}, "vending machine": {"scores": [0.9894072413444519, 0.7956950068473816], "labelId": "n04525305", "times": [62, 65]}, "doormat, welcome mat": {"scores": [0.1005115732550621], "labelId": "n03223299", "times": [94]}, "canoe": {"scores": [0.261247456073761], "labelId": "n02951358", "times": [105]}, "ashcan, trash can, garbage can, wastebin, ash bin, ash-bin, ashbin, dustbin, trash barrel, trash bin": {"scores": [0.537684977054596], "labelId": "n02747177", "times": [3]}, "capuchin, ringtail, Cebus capucinus": {"scores": [0.1317434012889862], "labelId": "n02492035", "times": [32]}, "soft-coated wheaten terrier": {"scores": [0.23217013478279114], "labelId": "n02098105", "times": [11]}, "panpipe, pandean pipe, syrinx": {"scores": [0.9953842759132385], "labelId": "n03884397", "times": [40]}, "carton": {"scores": [0.1311551332473755], "labelId": "n02971356", "times": [84]}, "digital clock": {"scores": [0.13413919508457184], "labelId": "n03196217", "times": [0]}, "tusker": {"scores": [0.5373989939689636], "labelId": "n01871265", "times": [25]}, "throne": {"scores": [0.1736016422510147], "labelId": "n04429376", "times": [73]}, "miniature schnauzer": {"scores": [0.29168885946273804], "labelId": "n02097047", "times": [75]}, "Saint Bernard, St Bernard": {"scores": [0.20626695454120636], "labelId": "n02109525", "times": [33]}, "diaper, nappy, napkin": {"scores": [0.18528464436531067], "labelId": "n03188531", "times": [69]}, "muzzle": {"scores": [0.12101035565137863, 0.12054116278886795], "labelId": "n03803284", "times": [90, 99]}, "cannon": {"scores": [0.054412007331848145], "labelId": "n02950826", "times": [76]}, "wardrobe, closet, press": {"scores": [0.32604873180389404], "labelId": "n04550184", "times": [86]}, "maillot": {"scores": [0.07377912849187851, 0.2424248605966568], "labelId": "n03710637", "times": [34, 37]}, "bathtub, bathing tub, bath, tub": {"scores": [0.26426801085472107], "labelId": "n02808440", "times": [22]}, "tricycle, trike, velocipede": {"scores": [0.38467034697532654], "labelId": "n04482393", "times": [14]}, "llama": {"scores": [0.2619412839412689], "labelId": "n02437616", "times": [88]}, "siamang, Hylobates syndactylus, Symphalangus syndactylus": {"scores": [0.09889086335897446], "labelId": "n02483708", "times": [6]}, "trench coat": {"scores": [0.6447533369064331], "labelId": "n04479046", "times": [56]}, "Boston bull, Boston terrier": {"scores": [0.45481303334236145, 0.13602511584758759], "labelId": "n02096585", "times": [70, 74]}, "wire-haired fox terrier": {"scores": [0.05912686884403229], "labelId": "n02095314", "times": [49]}, "skunk, polecat, wood pussy": {"scores": [0.5042308568954468, 0.5188886523246765], "labelId": "n02445715", "times": [41, 43]}, "black-footed ferret, ferret, Mustela nigripes": {"scores": [0.14864464104175568], "labelId": "n02443484", "times": [42]}, "breastplate, aegis, egis": {"scores": [0.1656879186630249, 0.21831844747066498], "labelId": "n02895154", "times": [36, 39]}, "lumbermill, sawmill": {"scores": [0.278942734003067], "labelId": "n03697007", "times": [51]}, "Yorkshire terrier": {"scores": [0.55228590965271], "labelId": "n02094433", "times": [8]}, "restaurant, eating house, eating place, eatery": {"scores": [0.29043522477149963], "labelId": "n04081281", "times": [55]}, "solar dish, solar collector, solar furnace": {"scores": [0.6581480503082275], "labelId": "n04258138", "times": [16]}, "punching bag, punch bag, punching ball, punchball": {"scores": [0.1258600503206253], "labelId": "n04023962", "times": [68]}, "Indian elephant, Elephas maximus": {"scores": [0.740725576877594, 0.3443935811519623], "labelId": "n02504013", "times": [23, 30]}, "patas, hussar monkey, Erythrocebus patas": {"scores": [0.12681296467781067], "labelId": "n02486261", "times": [96]}, "Irish setter, red setter": {"scores": [0.12673385441303253], "labelId": "n02100877", "times": [95]}, "swing": {"scores": [0.11602339148521423], "labelId": "n04371774", "times": [15]}, "abaya": {"scores": [0.1237422525882721], "labelId": "n02667093", "times": [35]}, "quilt, comforter, comfort, puff": {"scores": [0.20489774644374847], "labelId": "n04033995", "times": [98]}, "lab coat, laboratory coat": {"scores": [0.3538181185722351, 0.3165207803249359], "labelId": "n03630383", "times": [58, 61]}, "tray": {"scores": [0.146788090467453], "labelId": "n04476259", "times": [108]}, "Great Dane": {"scores": [0.49431875348091125, 0.12570667266845703], "labelId": "n02109047", "times": [1, 4]}}}