{"labels": {"carton": {"scores": [0.1603296846151352], "labelId": "n02971356", "times": [106]}, "macaque": {"scores": [0.9763523936271667], "labelId": "n02487347", "times": [11]}, "stretcher": {"scores": [0.05670115351676941], "labelId": "n04337157", "times": [7]}, "three-toed sloth, ai, Bradypus tridactylus": {"scores": [0.061429377645254135], "labelId": "n02457408", "times": [10]}, "submarine, pigboat, sub, U-boat": {"scores": [0.23905335366725922], "labelId": "n04347754", "times": [22]}, "unicycle, monocycle": {"scores": [0.14533370733261108], "labelId": "n04509417", "times": [70]}, "triceratops": {"scores": [0.38311508297920227], "labelId": "n01704323", "times": [74]}, "lab coat, laboratory coat": {"scores": [0.6513602137565613, 0.35877344012260437, 0.49223652482032776], "labelId": "n03630383", "times": [57, 60, 62]}, "sturgeon": {"scores": [0.09643914550542831], "labelId": "n02640242", "times": [23]}, "shovel": {"scores": [0.03836197033524513], "labelId": "n04208427", "times": [92]}, "killer whale, killer, orca, grampus, sea wolf, Orcinus orca": {"scores": [0.20678077638149261, 0.2932325005531311, 0.11798734962940216], "labelId": "n02071294", "times": [18, 33, 36]}, "spotlight, spot": {"scores": [0.09539791941642761, 0.34688684344291687, 0.04042690619826317], "labelId": "n04286575", "times": [32, 35, 56]}, "beaver": {"scores": [0.21583880484104156], "labelId": "n02818254", "times": [9]}, "medicine chest, medicine cabinet": {"scores": [0.37037229537963867], "labelId": "n03742115", "times": [66]}, "hammer": {"scores": [0.0301764328032732], "labelId": "n03481172", "times": [15]}, "titi, titi monkey": {"scores": [0.16492988169193268], "labelId": "n02493509", "times": [40]}, "badger": {"scores": [0.9613813757896423], "labelId": "n02447366", "times": [42]}, "Bedlington terrier": {"scores": [0.37628433108329773], "labelId": "n02093647", "times": [49]}, "Siberian husky": {"scores": [0.11635659635066986], "labelId": "n02110185", "times": [45]}, "schipperke": {"scores": [0.5064244270324707], "labelId": "n02104365", "times": [78]}, "monitor": {"scores": [0.5228484272956848], "labelId": "n03782006", "times": [116]}, "vending machine": {"scores": [0.957553505897522, 0.9113938808441162], "labelId": "n04525305", "times": [64, 67]}, "doormat, welcome mat": {"scores": [0.4463643431663513], "labelId": "n03223299", "times": [88]}, "scuba diver": {"scores": [0.1323045939207077], "labelId": "n10565667", "times": [37]}, "ashcan, trash can, garbage can, wastebin, ash bin, ash-bin, ashbin, dustbin, trash barrel, trash bin": {"scores": [0.10749925673007965], "labelId": "n02747177", "times": [87]}, "dam, dike, dyke": {"scores": [0.37190353870391846], "labelId": "n03160309", "times": [51]}, "sports car, sport car": {"scores": [0.17489805817604065], "labelId": "n04285008", "times": [104]}, "limousine, limo": {"scores": [0.03575124964118004], "labelId": "n03670208", "times": [55]}, "cash machine, cash dispenser, automated teller machine, automatic teller machine, automated teller, automatic teller, ATM": {"scores": [0.16612760722637177], "labelId": "n02977058", "times": [97]}, "streetcar, tram, tramcar, trolley, trolley car": {"scores": [0.1373169720172882], "labelId": "n04335435", "times": [71]}, "Shih-Tzu": {"scores": [0.08992128074169159, 0.1973389983177185], "labelId": "n02086240", "times": [46, 50]}, "kuvasz": {"scores": [0.045541685074567795], "labelId": "n02104029", "times": [91]}, "prison, prison house": {"scores": [0.08148667216300964], "labelId": "n04005630", "times": [86]}, "barbershop": {"scores": [0.10599137842655182], "labelId": "n02791270", "times": [83]}, "balance beam, beam": {"scores": [0.2461119294166565], "labelId": "n02777292", "times": [16]}, "cuirass": {"scores": [0.05982973799109459], "labelId": "n03146219", "times": [39]}, "electric fan, blower": {"scores": [0.18401531875133514], "labelId": "n03271574", "times": [13]}, "tusker": {"scores": [0.4580419659614563], "labelId": "n01871265", "times": [26]}, "projectile, missile": {"scores": [0.28993484377861023], "labelId": "n04008634", "times": [52]}, "West Highland white terrier": {"scores": [0.19226640462875366, 0.5108091235160828, 0.11880871653556824], "labelId": "n02098286", "times": [6, 53, 80]}, "amphibian, amphibious vehicle": {"scores": [0.6809734106063843], "labelId": "n02704792", "times": [19]}, "sliding door": {"scores": [0.2616797387599945], "labelId": "n04239074", "times": [89]}, "cannon": {"scores": [0.4776180386543274, 0.05950115621089935], "labelId": "n02950826", "times": [73, 76]}, "zebra": {"scores": [0.2039705067873001, 0.21440838277339935], "labelId": "n02391049", "times": [93, 102]}, "bullet train, bullet": {"scores": [0.25946494936943054], "labelId": "n02917067", "times": [96]}, "bathtub, bathing tub, bath, tub": {"scores": [0.43402689695358276], "labelId": "n02808440", "times": [61]}, "Great Dane": {"scores": [0.4672052562236786, 0.16737571358680725], "labelId": "n02109047", "times": [1, 5]}, "desk": {"scores": [0.26941803097724915, 0.6123494505882263, 0.17120566964149475, 0.21562953293323517], "labelId": "n03179701", "times": [105, 110, 113, 115]}, "pay-phone, pay-station": {"scores": [0.06291797012090683], "labelId": "n03902125", "times": [14]}, "cab, hack, taxi, taxicab": {"scores": [0.7419145703315735, 0.16653434932231903, 0.616502046585083], "labelId": "n02930766", "times": [107, 112, 114]}, "trench coat": {"scores": [0.4328767955303192], "labelId": "n04479046", "times": [59]}, "Boston bull, Boston terrier": {"scores": [0.41289860010147095], "labelId": "n02096585", "times": [77]}, "Egyptian cat": {"scores": [0.09538157284259796], "labelId": "n02124075", "times": [8]}, "bookshop, bookstore, bookstall": {"scores": [0.619646430015564, 0.28173598647117615], "labelId": "n02871525", "times": [81, 84]}, "Japanese spaniel": {"scores": [0.5784225463867188], "labelId": "n02085782", "times": [48]}, "sea lion": {"scores": [0.11342671513557434], "labelId": "n02077923", "times": [72]}, "breastplate, aegis, egis": {"scores": [0.10071264207363129, 0.20737633109092712, 0.16625438630580902], "labelId": "n02895154", "times": [34, 41, 90]}, "indri, indris, Indri indri, Indri brevicaudatus": {"scores": [0.306167334318161], "labelId": "n02500267", "times": [99]}, "solar dish, solar collector, solar furnace": {"scores": [0.3217224180698395], "labelId": "n04258138", "times": [17]}, "punching bag, punch bag, punching ball, punchball": {"scores": [0.10660305619239807], "labelId": "n04023962", "times": [47]}, "Indian elephant, Elephas maximus": {"scores": [0.7648917436599731, 0.539486289024353], "labelId": "n02504013", "times": [24, 28]}, "seat belt, seatbelt": {"scores": [0.11599965393543243], "labelId": "n04162706", "times": [38]}, "washer, automatic washer, washing machine": {"scores": [0.4216124415397644], "labelId": "n04554684", "times": [3]}, "keeshond": {"scores": [0.7681525349617004], "labelId": "n02112350", "times": [12]}, "fox squirrel, eastern fox squirrel, Sciurus niger": {"scores": [0.19322477281093597], "labelId": "n02356798", "times": [98]}, "television, television system": {"scores": [0.130363330245018], "labelId": "n04404412", "times": [79]}, "digital clock": {"scores": [0.13411350548267365], "labelId": "n03196217", "times": [0]}, "bannister, banister, balustrade, balusters, handrail": {"scores": [0.14509466290473938, 0.2806304395198822], "labelId": "n02788148", "times": [54, 101]}}}