{"labels": {"wig": {"scores": [0.27936387062072754, 0.18320022523403168, 0.11262866109609604, 0.2823725640773773, 0.6346975564956665, 0.08485309779644012, 0.066717229783535, 0.3581690788269043], "times": [10, 26, 33, 35, 71, 77, 122, 126]}, "cash machine, cash dispenser, automated teller machine, automatic teller machine, automated teller, automatic teller, ATM": {"scores": [0.577149510383606, 0.07316438108682632, 0.13722088932991028, 0.28061535954475403], "times": [72, 94, 106, 113]}, "knot": {"scores": [0.08072676509618759], "times": [50]}, "academic gown, academic robe, judge's robe": {"scores": [0.15104007720947266, 0.18545669317245483, 0.12869049608707428, 0.11284975707530975], "times": [37, 46, 99, 103]}, "triceratops": {"scores": [0.9798317551612854, 0.2592056393623352, 0.18905261158943176, 0.4117332994937897, 0.7050718069076538], "times": [66, 129, 131, 133, 135]}, "fur coat": {"scores": [0.5764439105987549, 0.3209209442138672, 0.43554866313934326], "times": [34, 36, 116]}, "hand-held computer, hand-held microcomputer": {"scores": [0.1419374942779541], "times": [2]}, "bolo tie, bolo, bola tie, bola": {"scores": [0.5360870957374573, 0.7834725975990295], "times": [61, 137]}, "remote control, remote": {"scores": [0.3512090742588043], "times": [17]}, "spiny lobster, langouste, rock lobster, crawfish, crayfish, sea crawfish": {"scores": [0.20829248428344727], "times": [53]}, "sweatshirt": {"scores": [0.09946251660585403, 0.24197284877300262, 0.048130981624126434, 0.24974411725997925, 0.31074070930480957, 0.11948792636394501], "times": [38, 74, 80, 117, 121, 124]}, "black grouse": {"scores": [0.3997194766998291], "times": [140]}, "muzzle": {"scores": [0.2419206202030182], "times": [51]}, "goblet": {"scores": [0.07818733900785446], "times": [136]}, "sax, saxophone": {"scores": [0.13434821367263794], "times": [52]}, "ocarina, sweet potato": {"scores": [0.11055158078670502], "times": [25]}, "cloak": {"scores": [0.14567984640598297, 0.12531445920467377, 0.052643872797489166, 0.13777415454387665], "times": [28, 82, 118, 120]}, "microphone, mike": {"scores": [0.2964637577533722], "times": [15]}, "kimono": {"scores": [0.21723951399326324], "times": [9]}, "hen-of-the-woods, hen of the woods, Polyporus frondosus, Grifola frondosa": {"scores": [0.17244219779968262, 0.09776600450277328], "times": [48, 60]}, "kuvasz": {"scores": [0.03147486597299576], "times": [39]}, "ice lolly, lolly, lollipop, popsicle": {"scores": [0.22290734946727753, 0.11696461588144302, 0.14971491694450378], "times": [12, 23, 125]}, "potter's wheel": {"scores": [0.6106861233711243, 0.22457948327064514, 0.4303871989250183], "times": [18, 85, 123]}, "seat belt, seatbelt": {"scores": [0.06585189700126648, 0.199557825922966], "times": [42, 76]}, "ping-pong ball": {"scores": [0.09791623800992966, 0.2979446351528168], "times": [45, 86]}, "honeycomb": {"scores": [0.473672479391098], "times": [59]}, "trilobite": {"scores": [0.15752339363098145], "times": [55]}, "gyromitra": {"scores": [0.5675545930862427], "times": [65]}, "sunscreen, sunblock, sun blocker": {"scores": [0.18570253252983093], "times": [83]}, "iron, smoothing iron": {"scores": [0.10312317311763763], "times": [20]}, "violin, fiddle": {"scores": [0.07351548224687576], "times": [41]}, "stethoscope": {"scores": [0.03809024393558502], "times": [40]}, "flute, transverse flute": {"scores": [0.09921008348464966, 0.11346928030252457], "times": [0, 43]}, "trench coat": {"scores": [0.341435968875885], "times": [119]}, "earthstar": {"scores": [0.3032738268375397], "times": [58]}, "cuirass": {"scores": [0.11030849069356918, 0.1699673980474472], "times": [56, 64]}, "long-horned beetle, longicorn, longicorn beetle": {"scores": [0.32943862676620483], "times": [57]}, "digital clock": {"scores": [0.18578942120075226], "times": [141]}, "iPod": {"scores": [0.187681183218956], "times": [16]}, "cellular telephone, cellular phone, cellphone, cell, mobile phone": {"scores": [0.1660761535167694], "times": [14]}, "mask": {"scores": [0.1332361400127411, 0.15890014171600342, 0.42128226161003113], "times": [130, 132, 134]}, "punching bag, punch bag, punching ball, punchball": {"scores": [0.12175001204013824, 0.18056678771972656, 0.11501261591911316, 0.35514479875564575, 0.14306505024433136], "times": [88, 90, 96, 100, 111]}, "hair spray": {"scores": [0.11895978450775146, 0.07429517805576324], "times": [13, 79]}, "suit, suit of clothes": {"scores": [0.2767418324947357, 0.24965697526931763, 0.05478307604789734, 0.09724336117506027, 0.15272247791290283, 0.36535710096359253, 0.17935749888420105, 0.1548701673746109, 0.1565978229045868, 0.0930129736661911, 0.11238981038331985, 0.055263519287109375], "times": [7, 31, 44, 87, 89, 91, 95, 97, 101, 105, 107, 115]}, "television, television system": {"scores": [0.23790347576141357, 0.49475210905075073, 0.44213077425956726], "times": [30, 32, 109]}, "Band Aid": {"scores": [0.11557159572839737, 0.14133381843566895, 0.07588117569684982, 0.05331840738654137], "times": [1, 4, 22, 81]}, "horned viper, cerastes, sand viper, horned asp, Cerastes cornutus": {"scores": [0.1270826905965805], "times": [47]}, "pick, plectrum, plectron": {"scores": [0.12545765936374664, 0.46221932768821716, 0.13396382331848145], "times": [3, 6, 21]}}}