{"labels": {"wig": {"scores": [0.20136837661266327, 0.20507676899433136, 0.14243416488170624, 0.4345022439956665, 0.07635428756475449, 0.7709651589393616, 0.1586333066225052, 0.18505947291851044, 0.12759904563426971, 0.08560167253017426, 0.20115798711776733], "labelId": "n04584207", "times": [10, 26, 33, 35, 42, 71, 73, 77, 116, 122, 127]}, "cash machine, cash dispenser, automated teller machine, automatic teller machine, automated teller, automatic teller, ATM": {"scores": [0.5296711921691895, 0.10558363795280457, 0.16590145230293274], "labelId": "n02977058", "times": [72, 106, 112]}, "academic gown, academic robe, judge's robe": {"scores": [0.08659672737121582, 0.10735192149877548, 0.07784433662891388], "labelId": "n02669723", "times": [37, 46, 102]}, "triceratops": {"scores": [0.9497477412223816, 0.13628529012203217, 0.14787231385707855, 0.7047659754753113], "labelId": "n01704323", "times": [66, 129, 131, 133]}, "fur coat": {"scores": [0.4344249367713928, 0.22045423090457916, 0.2360973358154297, 0.11867532134056091], "labelId": "n03404251", "times": [34, 36, 60, 76]}, "neck brace": {"scores": [0.03657980263233185], "labelId": "n03814639", "times": [115]}, "hand-held computer, hand-held microcomputer": {"scores": [0.12587282061576843], "labelId": "n03485407", "times": [2]}, "isopod": {"scores": [0.07066518068313599], "labelId": "n01990800", "times": [50]}, "remote control, remote": {"scores": [0.46173930168151855], "labelId": "n04074963", "times": [16]}, "mortarboard": {"scores": [0.045918822288513184], "labelId": "n03787032", "times": [23]}, "sweatshirt": {"scores": [0.16286742687225342, 0.11685901880264282, 0.2570323944091797, 0.14497394859790802, 0.12018038332462311], "labelId": "n04370456", "times": [75, 79, 117, 121, 124]}, "black grouse": {"scores": [0.2911489009857178], "labelId": "n01795545", "times": [140]}, "muzzle": {"scores": [0.6301913857460022, 0.40954139828681946, 0.18506620824337006], "labelId": "n03803284", "times": [51, 54, 56]}, "table lamp": {"scores": [0.0812457874417305], "labelId": "n04380533", "times": [136]}, "bassoon": {"scores": [0.23596709966659546, 0.07649053633213043], "labelId": "n02804610", "times": [29, 45]}, "ocarina, sweet potato": {"scores": [0.06959763914346695], "labelId": "n03840681", "times": [24]}, "cloak": {"scores": [0.16197460889816284, 0.18918748199939728, 0.054403889924287796, 0.16169996559619904], "labelId": "n03045698", "times": [28, 82, 118, 120]}, "frilled lizard, Chlamydosaurus kingi": {"scores": [0.14975586533546448], "labelId": "n01688243", "times": [48]}, "potter's wheel": {"scores": [0.6241695284843445, 0.16746683418750763, 0.23465634882450104, 0.5569614768028259], "labelId": "n03992509", "times": [18, 74, 85, 123]}, "hen-of-the-woods, hen of the woods, Polyporus frondosus, Grifola frondosa": {"scores": [0.22427259385585785, 0.3016175627708435], "labelId": "n13052670", "times": [49, 59]}, "prison, prison house": {"scores": [0.09026622772216797], "labelId": "n04005630", "times": [104]}, "ice lolly, lolly, lollipop, popsicle": {"scores": [0.47512948513031006, 0.0665612742304802], "labelId": "n07615774", "times": [12, 21]}, "seat belt, seatbelt": {"scores": [0.03300447389483452, 0.07338687032461166], "labelId": "n04162706", "times": [41, 83]}, "ping-pong ball": {"scores": [0.09564672410488129, 0.05093809589743614], "labelId": "n03942813", "times": [4, 44]}, "diaper, nappy, napkin": {"scores": [0.02359130047261715], "labelId": "n03188531", "times": [39]}, "trilobite": {"scores": [0.10936985909938812, 0.08283242583274841], "labelId": "n01768244", "times": [53, 55]}, "gyromitra": {"scores": [0.6151278614997864], "labelId": "n13037406", "times": [65]}, "sunscreen, sunblock, sun blocker": {"scores": [0.15773390233516693], "labelId": "n04357314", "times": [84]}, "flute, transverse flute": {"scores": [0.1627538651227951, 0.06712433695793152], "labelId": "n03372029", "times": [0, 43]}, "trench coat": {"scores": [0.17092770338058472], "labelId": "n04479046", "times": [119]}, "earthstar": {"scores": [0.3420129120349884], "labelId": "n13044778", "times": [58]}, "cuirass": {"scores": [0.17821010947227478, 0.15886878967285156], "labelId": "n03146219", "times": [64, 132]}, "oxygen mask": {"scores": [0.06797725707292557], "labelId": "n03868863", "times": [126]}, "long-horned beetle, longicorn, longicorn beetle": {"scores": [0.4420618414878845], "labelId": "n02168699", "times": [57]}, "digital clock": {"scores": [0.2089713215827942], "labelId": "n03196217", "times": [141]}, "horned viper, cerastes, sand viper, horned asp, Cerastes cornutus": {"scores": [0.3648076355457306], "labelId": "n01753488", "times": [47]}, "cellular telephone, cellular phone, cellphone, cell, mobile phone": {"scores": [0.1604139655828476], "labelId": "n02992529", "times": [14]}, "bolo tie, bolo, bola tie, bola": {"scores": [0.5369000434875488, 0.6344959139823914], "labelId": "n02865351", "times": [61, 137]}, "punching bag, punch bag, punching ball, punchball": {"scores": [0.12032061815261841, 0.26574084162712097, 0.08340144157409668, 0.11349980533123016, 0.2069544494152069], "labelId": "n04023962", "times": [90, 100, 105, 111, 114]}, "Indian elephant, Elephas maximus": {"scores": [0.17110495269298553], "labelId": "n02504013", "times": [130]}, "hair spray": {"scores": [0.13815690577030182, 0.04448418319225311, 0.04481453821063042, 0.05001145973801613], "labelId": "n03476991", "times": [13, 20, 40, 78]}, "suit, suit of clothes": {"scores": [0.26529669761657715, 0.20258013904094696, 0.22009818255901337, 0.2113480567932129, 0.19293899834156036, 0.2540138065814972, 0.13986800611019135], "labelId": "n04350905", "times": [7, 87, 91, 95, 97, 101, 107]}, "bonnet, poke bonnet": {"scores": [0.09723734855651855], "labelId": "n02869837", "times": [27]}, "quill, quill pen": {"scores": [0.07217355072498322], "labelId": "n04033901", "times": [80]}, "abaya": {"scores": [0.09811468422412872], "labelId": "n02667093", "times": [25]}, "television, television system": {"scores": [0.46919816732406616, 0.07935220003128052, 0.1293787807226181, 0.11267130821943283, 0.3598499298095703], "labelId": "n04404412", "times": [30, 94, 96, 103, 109]}, "Band Aid": {"scores": [0.1380428671836853, 0.10591056197881699, 0.07270923256874084, 0.18045951426029205, 0.11192815750837326], "labelId": "n02786058", "times": [1, 5, 22, 81, 125]}, "pick, plectrum, plectron": {"scores": [0.24292485415935516, 0.3955180048942566, 0.10654596984386444], "labelId": "n03929660", "times": [3, 6, 38]}}}