{"labels": {"crossword puzzle, crossword": {"scores": [0.4242826998233795], "times": [121]}, "palace": {"scores": [0.7297747731208801, 0.9313659071922302], "times": [124, 135]}, "book jacket, dust cover, dust jacket, dust wrapper": {"scores": [0.29119816422462463, 0.7666327357292175, 0.15833629667758942, 0.1761389672756195], "times": [154, 158, 165, 167]}, "quilt, comforter, comfort, puff": {"scores": [0.49514156579971313], "times": [10]}, "jigsaw puzzle": {"scores": [0.38224542140960693, 0.32136908173561096], "times": [120, 122]}, "handkerchief, hankie, hanky, hankey": {"scores": [0.15659739077091217, 0.3588794767856598, 0.3854171931743622, 0.1810547411441803], "times": [35, 45, 172, 176]}, "bannister, banister, balustrade, balusters, handrail": {"scores": [0.1758156567811966, 0.15268072485923767], "times": [47, 164]}, "flagpole, flagstaff": {"scores": [0.10121273994445801], "times": [161]}, "theater curtain, theatre curtain": {"scores": [0.5465337634086609, 0.1234186664223671, 0.8020299077033997, 0.9122488498687744], "times": [31, 34, 87, 108]}, "birdhouse": {"scores": [0.1746199131011963], "times": [162]}, "fire screen, fireguard": {"scores": [0.6907690167427063], "times": [17]}, "balloon": {"scores": [0.25420284271240234], "times": [49]}, "beer glass": {"scores": [0.5221875905990601, 0.08994707465171814], "times": [160, 180]}, "pill bottle": {"scores": [0.12204506993293762], "times": [29]}, "carpenter's kit, tool kit": {"scores": [0.31550443172454834, 0.3347165286540985], "times": [147, 150]}, "comic book": {"scores": [0.21246963739395142, 0.670860767364502, 0.40098488330841064, 0.6973670125007629, 0.08601418137550354, 0.9396271705627441, 0.9238249063491821, 0.8479777574539185, 0.8357424736022949, 0.7707507610321045, 0.40343406796455383, 0.5626558065414429, 0.2000552862882614, 0.5477568507194519, 0.4264417290687561, 0.3931121230125427, 0.25688403844833374, 0.21641068160533905, 0.19040796160697937, 0.6948304176330566], "times": [8, 15, 20, 22, 30, 36, 50, 66, 80, 94, 116, 127, 139, 141, 155, 169, 175, 178, 181, 183]}, "binder, ring-binder": {"scores": [0.3175554573535919], "times": [140]}, "apron": {"scores": [0.16783225536346436, 0.2745576500892639], "times": [46, 107]}, "nematode, nematode worm, roundworm": {"scores": [0.07768454402685165], "times": [186]}, "organ, pipe organ": {"scores": [0.22837936878204346], "times": [76]}, "beacon, lighthouse, beacon light, pharos": {"scores": [0.14494702219963074, 0.8794876933097839, 0.26370322704315186], "times": [7, 9, 131]}, "jersey, T-shirt, tee shirt": {"scores": [0.4039568305015564, 0.3325543999671936], "times": [146, 159]}, "pencil box, pencil case": {"scores": [0.18237608671188354], "times": [185]}, "envelope": {"scores": [0.28728705644607544, 0.09218385070562363, 0.605994701385498, 0.47815293073654175], "times": [28, 65, 117, 144]}, "dome": {"scores": [0.3681638836860657, 0.4360342025756836], "times": [0, 132]}, "bell cote, bell cot": {"scores": [0.2398541420698166, 0.23615264892578125], "times": [75, 123]}, "rapeseed": {"scores": [0.2477564960718155], "times": [157]}, "chime, bell, gong": {"scores": [0.9717202186584473, 0.4842979311943054], "times": [148, 152]}, "lampshade, lamp shade": {"scores": [0.258648157119751, 0.29793882369995117], "times": [79, 166]}, "crane": {"scores": [0.14184172451496124, 0.1500764787197113, 0.24466803669929504], "times": [118, 125, 163]}, "throne": {"scores": [0.09860514849424362], "times": [74]}, "ski": {"scores": [0.06301876902580261], "times": [14]}, "punching bag, punch bag, punching ball, punchball": {"scores": [0.8160805702209473], "times": [104]}, "wall clock": {"scores": [0.3293948769569397], "times": [33]}, "safety pin": {"scores": [0.11137913912534714], "times": [182]}, "castle": {"scores": [0.6053330302238464, 0.3586752116680145], "times": [19, 21]}, "Band Aid": {"scores": [0.6932858228683472], "times": [115]}, "shower curtain": {"scores": [0.1804484724998474], "times": [138]}}}