{"labels": {"crossword puzzle, crossword": {"times": [121], "labelId": "n06785654", "scores": [0.4242826998233795]}, "palace": {"times": [124, 135], "labelId": "n03877845", "scores": [0.7297747731208801, 0.9313659071922302]}, "book jacket, dust cover, dust jacket, dust wrapper": {"times": [154, 158, 165, 167], "labelId": "n07248320", "scores": [0.29119816422462463, 0.7666327357292175, 0.15833629667758942, 0.1761389672756195]}, "quilt, comforter, comfort, puff": {"times": [10], "labelId": "n04033995", "scores": [0.49514156579971313]}, "jigsaw puzzle": {"times": [120, 122], "labelId": "n03598930", "scores": [0.38224542140960693, 0.32136908173561096]}, "handkerchief, hankie, hanky, hankey": {"times": [35, 45, 172, 176], "labelId": "n03485794", "scores": [0.15659739077091217, 0.3588794767856598, 0.3854171931743622, 0.1810547411441803]}, "bannister, banister, balustrade, balusters, handrail": {"times": [47, 164], "labelId": "n02788148", "scores": [0.1758156567811966, 0.15268072485923767]}, "flagpole, flagstaff": {"times": [161], "labelId": "n03355925", "scores": [0.10121273994445801]}, "theater curtain, theatre curtain": {"times": [31, 34, 87, 108], "labelId": "n04418357", "scores": [0.5465337634086609, 0.1234186664223671, 0.8020299077033997, 0.9122488498687744]}, "birdhouse": {"times": [162], "labelId": "n02843684", "scores": [0.1746199131011963]}, "fire screen, fireguard": {"times": [17], "labelId": "n03347037", "scores": [0.6907690167427063]}, "balloon": {"times": [49], "labelId": "n02782093", "scores": [0.25420284271240234]}, "pill bottle": {"times": [29], "labelId": "n03937543", "scores": [0.12204506993293762]}, "carpenter's kit, tool kit": {"times": [147, 150], "labelId": "n02966687", "scores": [0.31550443172454834, 0.3347165286540985]}, "comic book": {"times": [8, 15, 20, 22, 30, 36, 50, 66, 80, 94, 116, 127, 139, 141, 155, 169, 175, 178, 181, 183], "labelId": "n06596364", "scores": [0.21246963739395142, 0.670860767364502, 0.40098488330841064, 0.6973670125007629, 0.08601418137550354, 0.9396271705627441, 0.9238249063491821, 0.8479777574539185, 0.8357424736022949, 0.7707507610321045, 0.40343406796455383, 0.5626558065414429, 0.2000552862882614, 0.5477568507194519, 0.4264417290687561, 0.3931121230125427, 0.25688403844833374, 0.21641068160533905, 0.19040796160697937, 0.6948304176330566]}, "binder, ring-binder": {"times": [140], "labelId": "n02840245", "scores": [0.3175554573535919]}, "apron": {"times": [46, 107], "labelId": "n02730930", "scores": [0.16783225536346436, 0.2745576500892639]}, "nematode, nematode worm, roundworm": {"times": [186], "labelId": "n01930112", "scores": [0.07768454402685165]}, "organ, pipe organ": {"times": [76], "labelId": "n03854065", "scores": [0.22837936878204346]}, "beacon, lighthouse, beacon light, pharos": {"times": [7, 9, 131], "labelId": "n02814860", "scores": [0.14494702219963074, 0.8794876933097839, 0.26370322704315186]}, "jersey, T-shirt, tee shirt": {"times": [146, 159], "labelId": "n03595614", "scores": [0.4039568305015564, 0.3325543999671936]}, "pencil box, pencil case": {"times": [185], "labelId": "n03908618", "scores": [0.18237608671188354]}, "envelope": {"times": [28, 65, 117, 144], "labelId": "n13869788", "scores": [0.28728705644607544, 0.09218385070562363, 0.605994701385498, 0.47815293073654175]}, "dome": {"times": [0, 132], "labelId": "n03220513", "scores": [0.3681638836860657, 0.4360342025756836]}, "bell cote, bell cot": {"times": [75, 123], "labelId": "n02825657", "scores": [0.2398541420698166, 0.23615264892578125]}, "rapeseed": {"times": [157], "labelId": "n11879895", "scores": [0.2477564960718155]}, "chime, bell, gong": {"times": [148, 152], "labelId": "n03017168", "scores": [0.9717202186584473, 0.4842979311943054]}, "lampshade, lamp shade": {"times": [79, 166], "labelId": "n03637318", "scores": [0.258648157119751, 0.29793882369995117]}, "crane": {"times": [118, 125, 163], "labelId": "n03126707", "scores": [0.14184172451496124, 0.1500764787197113, 0.24466803669929504]}, "throne": {"times": [74], "labelId": "n04429376", "scores": [0.09860514849424362]}, "beer glass": {"times": [160, 180], "labelId": "n02823750", "scores": [0.5221875905990601, 0.08994707465171814]}, "punching bag, punch bag, punching ball, punchball": {"times": [104], "labelId": "n04023962", "scores": [0.8160805702209473]}, "wall clock": {"times": [33], "labelId": "n04548280", "scores": [0.3293948769569397]}, "safety pin": {"times": [182], "labelId": "n04127249", "scores": [0.11137913912534714]}, "castle": {"times": [19, 21], "labelId": "n02980441", "scores": [0.6053330302238464, 0.3586752116680145]}, "Band Aid": {"times": [115], "labelId": "n02786058", "scores": [0.6932858228683472]}, "shower curtain": {"times": [138], "labelId": "n04209239", "scores": [0.1804484724998474]}, "ski": {"times": [14], "labelId": "n04228054", "scores": [0.06301876902580261]}}, "youtubeId": "tyeJ55o3El0"}