{"labels": {"crossword puzzle, crossword": {"scores": [0.6987207531929016], "labelId": "n06785654", "times": [117]}, "palace": {"scores": [0.0886201336979866, 0.7102736830711365, 0.953289270401001], "labelId": "n03877845", "times": [114, 120, 130]}, "book jacket, dust cover, dust jacket, dust wrapper": {"scores": [0.3989867866039276, 0.42964544892311096, 0.3955385386943817, 0.8408294320106506, 0.072720967233181, 0.21239584684371948, 0.26055726408958435], "labelId": "n07248320", "times": [25, 126, 149, 152, 156, 160, 162]}, "quilt, comforter, comfort, puff": {"scores": [0.4960886538028717], "labelId": "n04033995", "times": [10]}, "planetarium": {"scores": [0.16404248774051666], "labelId": "n03955941", "times": [127]}, "jigsaw puzzle": {"scores": [0.22779816389083862], "labelId": "n03598930", "times": [116]}, "handkerchief, hankie, hanky, hankey": {"scores": [0.3066469728946686, 0.16388216614723206, 0.09339843690395355, 0.6116068959236145, 0.21386362612247467, 0.18913188576698303, 0.18420818448066711, 0.32443875074386597], "labelId": "n03485794", "times": [9, 34, 37, 44, 167, 170, 173, 176]}, "bannister, banister, balustrade, balusters, handrail": {"scores": [0.35181835293769836, 0.22338733077049255], "labelId": "n02788148", "times": [46, 159]}, "flagpole, flagstaff": {"scores": [0.12811708450317383], "labelId": "n03355925", "times": [143]}, "theater curtain, theatre curtain": {"scores": [0.4917135238647461, 0.777125358581543, 0.9534697532653809], "labelId": "n04418357", "times": [31, 84, 105]}, "birdhouse": {"scores": [0.11525414884090424], "labelId": "n02843684", "times": [157]}, "fire screen, fireguard": {"scores": [0.2386888861656189, 0.8110955357551575], "labelId": "n03347037", "times": [14, 16]}, "airship, dirigible": {"scores": [0.3123105764389038], "labelId": "n02692877", "times": [63]}, "lampshade, lamp shade": {"scores": [0.321025550365448, 0.0857938900589943], "labelId": "n03637318", "times": [161, 174]}, "pill bottle": {"scores": [0.08795425295829773], "labelId": "n03937543", "times": [30]}, "chime, bell, gong": {"scores": [0.24446824193000793, 0.5416128635406494], "labelId": "n03017168", "times": [142, 144]}, "cliff, drop, drop-off": {"scores": [0.298651784658432], "labelId": "n09246464", "times": [21]}, "comic book": {"scores": [0.3628960847854614, 0.7765899896621704, 0.14209626615047455, 0.3004893660545349, 0.9212184548377991, 0.9255588054656982, 0.7976965308189392, 0.7796727418899536, 0.7242998480796814, 0.3656761646270752, 0.4191674292087555, 0.4030883014202118, 0.39504873752593994, 0.46525081992149353, 0.7157951593399048, 0.28683412075042725, 0.2569080591201782, 0.21997544169425964, 0.3032723665237427], "labelId": "n06596364", "times": [15, 22, 26, 35, 38, 49, 64, 77, 91, 112, 123, 135, 140, 150, 165, 168, 171, 175, 177]}, "organ, pipe organ": {"scores": [0.33228227496147156], "labelId": "n03854065", "times": [73]}, "beacon, lighthouse, beacon light, pharos": {"scores": [0.34508833289146423], "labelId": "n02814860", "times": [6]}, "jersey, T-shirt, tee shirt": {"scores": [0.16422933340072632, 0.31150731444358826], "labelId": "n03595614", "times": [113, 154]}, "pencil box, pencil case": {"scores": [0.26660245656967163], "labelId": "n03908618", "times": [178]}, "envelope": {"scores": [0.5281843543052673], "labelId": "n13869788", "times": [139]}, "dome": {"scores": [0.3656533658504486, 0.20747239887714386, 0.32552701234817505], "labelId": "n03220513", "times": [0, 119, 128]}, "street sign": {"scores": [0.2085898220539093], "labelId": "n06794110", "times": [27]}, "bell cote, bell cot": {"scores": [0.1043001338839531], "labelId": "n02825657", "times": [76]}, "carpenter's kit, tool kit": {"scores": [0.4008139669895172], "labelId": "n02966687", "times": [146]}, "screen, CRT screen": {"scores": [0.02034628763794899], "labelId": "n04152593", "times": [47]}, "crane": {"scores": [0.21395283937454224, 0.18314139544963837], "labelId": "n03126707", "times": [115, 121]}, "window shade": {"scores": [0.28610387444496155, 0.4072476029396057], "labelId": "n04590129", "times": [13, 45]}, "throne": {"scores": [0.35782474279403687], "labelId": "n04429376", "times": [72]}, "beer glass": {"scores": [0.41766032576560974], "labelId": "n02823750", "times": [155]}, "punching bag, punch bag, punching ball, punchball": {"scores": [0.9091044068336487], "labelId": "n04023962", "times": [101]}, "safety pin": {"scores": [0.4604368209838867], "labelId": "n04127249", "times": [141]}, "castle": {"scores": [0.4726540446281433], "labelId": "n02980441", "times": [18]}, "Band Aid": {"scores": [0.8356514573097229], "labelId": "n02786058", "times": [111]}, "shower curtain": {"scores": [0.6929811835289001, 0.5774894952774048, 0.23109497129917145], "labelId": "n04209239", "times": [48, 102, 133]}}}