{"labels": {"ballplayer, baseball player": {"scores": [0.14494864642620087, 0.12734217941761017], "times": [7, 18]}, "football helmet": {"scores": [0.26542049646377563, 0.28174376487731934], "times": [14, 16]}, "go-kart": {"scores": [0.12064069509506226], "times": [4]}, "book jacket, dust cover, dust jacket, dust wrapper": {"scores": [0.06334690749645233], "times": [17]}, "parachute, chute": {"scores": [0.15463845431804657], "times": [10]}, "puck, hockey puck": {"scores": [0.9941350817680359, 0.6675418019294739, 0.7704869508743286, 0.9690760374069214, 0.3469758927822113], "times": [1, 5, 9, 11, 15]}, "bobsled, bobsleigh, bob": {"scores": [0.5434438586235046, 0.2716635763645172, 0.866990327835083], "times": [3, 6, 8]}, "pill bottle": {"scores": [0.19773425161838531], "times": [0]}}}