{"labels": {"fire engine, fire truck": {"scores": [0.10203921794891357], "labelId": "n03345487", "times": [7]}, "ballplayer, baseball player": {"scores": [0.10286814719438553], "labelId": "n09835506", "times": [16]}, "football helmet": {"scores": [0.27400264143943787, 0.16659697890281677], "labelId": "n03379051", "times": [13, 15]}, "horizontal bar, high bar": {"scores": [0.16390854120254517], "labelId": "n03535780", "times": [14]}, "puck, hockey puck": {"scores": [0.9953771829605103, 0.8223670125007629], "labelId": "n04019541", "times": [1, 11]}, "bobsled, bobsleigh, bob": {"scores": [0.6844847798347473, 0.12676285207271576, 0.7903269529342651, 0.2216518670320511], "labelId": "n02860847", "times": [3, 6, 8, 10]}, "pill bottle": {"scores": [0.1954944133758545], "labelId": "n03937543", "times": [0]}, "ski": {"scores": [0.2679689824581146, 0.46673113107681274], "labelId": "n04228054", "times": [5, 9]}}}