{"labels": {"red wolf, maned wolf, Canis rufus, Canis niger": {"times": [71], "labelId": "n02114712", "scores": [0.28602999448776245]}, "lakeside, lakeshore": {"times": [9], "labelId": "n09332890", "scores": [0.3650934100151062]}, "marmot": {"times": [55], "labelId": "n02361337", "scores": [0.059503477066755295]}, "seashore, coast, seacoast, sea-coast": {"times": [11], "labelId": "n09428293", "scores": [0.22669227421283722]}, "Mexican hairless": {"times": [146], "labelId": "n02113978", "scores": [0.31473127007484436]}, "hartebeest": {"times": [32, 39, 61, 101, 108], "labelId": "n02422106", "scores": [0.8973745703697205, 0.15696777403354645, 0.2602410614490509, 0.19857609272003174, 0.3342139422893524]}, "oxcart": {"times": [76, 102, 137, 139], "labelId": "n03868242", "scores": [0.19617639482021332, 0.2924807071685791, 0.19590477645397186, 0.279116690158844]}, "warthog": {"times": [40, 99], "labelId": "n02397096", "scores": [0.24760772287845612, 0.41358980536460876]}, "water jug": {"times": [126], "labelId": "n04560804", "scores": [0.2802233099937439]}, "muzzle": {"times": [176], "labelId": "n03803284", "scores": [0.05621451139450073]}, "desktop computer": {"times": [67], "labelId": "n03180011", "scores": [0.3667350709438324]}, "vizsla, Hungarian pointer": {"times": [69], "labelId": "n02100583", "scores": [0.1103997677564621]}, "orangutan, orang, orangutang, Pongo pygmaeus": {"times": [70], "labelId": "n02480495", "scores": [0.7475853562355042]}, "book jacket, dust cover, dust jacket, dust wrapper": {"times": [185], "labelId": "n07248320", "scores": [0.8193948268890381]}, "meerkat, mierkat": {"times": [1], "labelId": "n02138441", "scores": [0.17916326224803925]}, "Arabian camel, dromedary, Camelus dromedarius": {"times": [43, 48, 60, 73, 82, 94, 175], "labelId": "n02437312", "scores": [0.39501580595970154, 0.2468441128730774, 0.8512401580810547, 0.16146306693553925, 0.3253169655799866, 0.956969141960144, 0.7077294588088989]}, "sunglasses, dark glasses, shades": {"times": [147, 151], "labelId": "n04356056", "scores": [0.48793599009513855, 0.4680970311164856]}, "bighorn, bighorn sheep, cimarron, Rocky Mountain bighorn, Rocky Mountain sheep, Ovis canadensis": {"times": [42], "labelId": "n02415577", "scores": [0.2848958373069763]}, "digital clock": {"times": [0, 200], "labelId": "n03196217", "scores": [0.13411350548267365, 0.13411350548267365]}, "tusker": {"times": [72], "labelId": "n01871265", "scores": [0.4158092737197876]}, "sorrel": {"times": [4, 16, 20, 27, 35, 44, 49, 52, 56, 62, 74, 81, 83, 97, 103, 105, 110, 130, 140, 156, 170, 177], "labelId": "n02389026", "scores": [0.773120105266571, 0.38704732060432434, 0.4796239137649536, 0.8005654215812683, 0.883646547794342, 0.8134258389472961, 0.7498493194580078, 0.7878349423408508, 0.45101872086524963, 0.7050716280937195, 0.38163894414901733, 0.43435442447662354, 0.8825181126594543, 0.7094219326972961, 0.43753311038017273, 0.2439892441034317, 0.8334663510322571, 0.9296661019325256, 0.8883972764015198, 0.8272882103919983, 0.9667242169380188, 0.43942585587501526]}, "beacon, lighthouse, beacon light, pharos": {"times": [178], "labelId": "n02814860", "scores": [0.2800747752189636]}, "thresher, thrasher, threshing machine": {"times": [104], "labelId": "n04428191", "scores": [0.24728792905807495]}, "web site, website, internet site, site": {"times": [179, 188], "labelId": "n06359193", "scores": [0.5928711295127869, 0.7131965160369873]}, "worm fence, snake fence, snake-rail fence, Virginia fence": {"times": [77, 138], "labelId": "n04604644", "scores": [0.15317387878894806, 0.28593575954437256]}, "groenendael": {"times": [153], "labelId": "n02105056", "scores": [0.15337981283664703]}, "Great Dane": {"times": [18], "labelId": "n02109047", "scores": [0.43866094946861267]}, "plow, plough": {"times": [51], "labelId": "n03967562", "scores": [0.11203586310148239]}, "Newfoundland, Newfoundland dog": {"times": [155], "labelId": "n02111277", "scores": [0.09665139764547348]}, "Rhodesian ridgeback": {"times": [169], "labelId": "n02087394", "scores": [0.5695801377296448]}, "beaker": {"times": [125], "labelId": "n02815749", "scores": [0.6615815162658691]}, "tench, Tinca tinca": {"times": [148], "labelId": "n01440764", "scores": [0.8010066151618958]}, "impala, Aepyceros melampus": {"times": [2, 26, 78, 106], "labelId": "n02422699", "scores": [0.31542065739631653, 0.2885555326938629, 0.5400152802467346, 0.7642863988876343]}, "refrigerator, icebox": {"times": [112], "labelId": "n04070727", "scores": [0.8711303472518921]}, "bison": {"times": [168], "labelId": "n02410509", "scores": [0.1339089423418045]}, "ox": {"times": [167], "labelId": "n02403003", "scores": [0.38492560386657715]}, "volleyball": {"times": [152], "labelId": "n04540053", "scores": [0.4023084044456482]}, "lab coat, laboratory coat": {"times": [12, 21, 65, 111, 118, 127], "labelId": "n03630383", "scores": [0.9918243288993835, 0.9531779289245605, 0.4267994463443756, 0.541776716709137, 0.9649170637130737, 0.7359976768493652]}}}