{"labels": {"lakeside, lakeshore": {"scores": [0.3650934100151062], "times": [9]}, "marmot": {"scores": [0.059503477066755295], "times": [55]}, "seashore, coast, seacoast, sea-coast": {"scores": [0.22669227421283722], "times": [11]}, "Mexican hairless": {"scores": [0.31473127007484436], "times": [146]}, "hartebeest": {"scores": [0.8973745703697205, 0.15696777403354645, 0.2602410614490509, 0.19857609272003174, 0.3342139422893524], "times": [32, 39, 61, 101, 108]}, "oxcart": {"scores": [0.19617639482021332, 0.2924807071685791, 0.19590477645397186, 0.279116690158844], "times": [76, 102, 137, 139]}, "warthog": {"scores": [0.24760772287845612, 0.41358980536460876], "times": [40, 99]}, "water jug": {"scores": [0.2802233099937439], "times": [126]}, "muzzle": {"scores": [0.05621451139450073], "times": [176]}, "desktop computer": {"scores": [0.3667350709438324], "times": [67]}, "vizsla, Hungarian pointer": {"scores": [0.1103997677564621], "times": [69]}, "orangutan, orang, orangutang, Pongo pygmaeus": {"scores": [0.7475853562355042], "times": [70]}, "book jacket, dust cover, dust jacket, dust wrapper": {"scores": [0.8193948268890381], "times": [185]}, "meerkat, mierkat": {"scores": [0.17916326224803925], "times": [1]}, "Arabian camel, dromedary, Camelus dromedarius": {"scores": [0.39501580595970154, 0.2468441128730774, 0.8512401580810547, 0.16146306693553925, 0.3253169655799866, 0.956969141960144, 0.7077294588088989], "times": [43, 48, 60, 73, 82, 94, 175]}, "bison": {"scores": [0.1339089423418045], "times": [168]}, "bighorn, bighorn sheep, cimarron, Rocky Mountain bighorn, Rocky Mountain sheep, Ovis canadensis": {"scores": [0.2848958373069763], "times": [42]}, "digital clock": {"scores": [0.13411350548267365, 0.13411350548267365], "times": [0, 200]}, "tusker": {"scores": [0.4158092737197876], "times": [72]}, "sorrel": {"scores": [0.773120105266571, 0.38704732060432434, 0.4796239137649536, 0.8005654215812683, 0.883646547794342, 0.8134258389472961, 0.7498493194580078, 0.7878349423408508, 0.45101872086524963, 0.7050716280937195, 0.38163894414901733, 0.43435442447662354, 0.8825181126594543, 0.7094219326972961, 0.43753311038017273, 0.2439892441034317, 0.8334663510322571, 0.9296661019325256, 0.8883972764015198, 0.8272882103919983, 0.9667242169380188, 0.43942585587501526], "times": [4, 16, 20, 27, 35, 44, 49, 52, 56, 62, 74, 81, 83, 97, 103, 105, 110, 130, 140, 156, 170, 177]}, "beacon, lighthouse, beacon light, pharos": {"scores": [0.2800747752189636], "times": [178]}, "thresher, thrasher, threshing machine": {"scores": [0.24728792905807495], "times": [104]}, "web site, website, internet site, site": {"scores": [0.5928711295127869, 0.7131965160369873], "times": [179, 188]}, "worm fence, snake fence, snake-rail fence, Virginia fence": {"scores": [0.15317387878894806, 0.28593575954437256], "times": [77, 138]}, "groenendael": {"scores": [0.15337981283664703], "times": [153]}, "Great Dane": {"scores": [0.43866094946861267], "times": [18]}, "plow, plough": {"scores": [0.11203586310148239], "times": [51]}, "Newfoundland, Newfoundland dog": {"scores": [0.09665139764547348], "times": [155]}, "Rhodesian ridgeback": {"scores": [0.5695801377296448], "times": [169]}, "beaker": {"scores": [0.6615815162658691], "times": [125]}, "tench, Tinca tinca": {"scores": [0.8010066151618958], "times": [148]}, "impala, Aepyceros melampus": {"scores": [0.31542065739631653, 0.2885555326938629, 0.5400152802467346, 0.7642863988876343], "times": [2, 26, 78, 106]}, "refrigerator, icebox": {"scores": [0.8711303472518921], "times": [112]}, "red wolf, maned wolf, Canis rufus, Canis niger": {"scores": [0.28602999448776245], "times": [71]}, "sunglasses, dark glasses, shades": {"scores": [0.48793599009513855, 0.4680970311164856], "times": [147, 151]}, "ox": {"scores": [0.38492560386657715], "times": [167]}, "volleyball": {"scores": [0.4023084044456482], "times": [152]}, "lab coat, laboratory coat": {"scores": [0.9918243288993835, 0.9531779289245605, 0.4267994463443756, 0.541776716709137, 0.9649170637130737, 0.7359976768493652], "times": [12, 21, 65, 111, 118, 127]}}}