{"labels": {"water buffalo, water ox, Asiatic buffalo, Bubalus bubalis": {"scores": [0.21257136762142181, 0.41811418533325195, 0.7325010895729065], "times": [121, 125, 132]}, "book jacket, dust cover, dust jacket, dust wrapper": {"scores": [0.26971206068992615], "times": [156]}, "hog, pig, grunter, squealer, Sus scrofa": {"scores": [0.38711339235305786, 0.26853328943252563], "times": [123, 134]}, "packet": {"scores": [0.07585612684488297], "times": [3]}, "zebra": {"scores": [0.9691677093505859, 0.9754716157913208], "times": [63, 95]}, "hummingbird": {"scores": [0.2439371943473816], "times": [12]}, "quail": {"scores": [0.2014705091714859], "times": [13]}, "limpkin, Aramus pictus": {"scores": [0.7093366980552673, 0.48731374740600586], "times": [21, 29]}, "titi, titi monkey": {"scores": [0.28194931149482727, 0.5703170299530029, 0.5118612051010132, 0.45583289861679077, 0.4246029853820801, 0.4095151722431183, 0.46431148052215576, 0.44787850975990295], "times": [2, 32, 37, 39, 42, 59, 91, 137]}, "black grouse": {"scores": [0.19577233493328094], "times": [7]}, "warthog": {"scores": [0.28279268741607666], "times": [119]}, "Chesapeake Bay retriever": {"scores": [0.14442375302314758], "times": [72]}, "brown bear, bruin, Ursus arctos": {"scores": [0.84576016664505, 0.9911085367202759], "times": [50, 54]}, "jersey, T-shirt, tee shirt": {"scores": [0.6286284923553467], "times": [149]}, "prairie chicken, prairie grouse, prairie fowl": {"scores": [0.2922697365283966], "times": [26]}, "comic book": {"scores": [0.2258717566728592, 0.2948266863822937, 0.49843889474868774], "times": [4, 148, 150]}, "tusker": {"scores": [0.47308045625686646, 0.4217158555984497, 0.2854418456554413, 0.18160143494606018], "times": [111, 117, 122, 136]}, "puffer, pufferfish, blowfish, globefish": {"scores": [0.962988018989563], "times": [80]}, "bighorn, bighorn sheep, cimarron, Rocky Mountain bighorn, Rocky Mountain sheep, Ovis canadensis": {"scores": [0.10496369004249573, 0.7267391681671143], "times": [18, 73]}, "swimming trunks, bathing trunks": {"scores": [0.23971939086914062], "times": [147]}, "llama": {"scores": [0.2866441309452057], "times": [146]}, "siamang, Hylobates syndactylus, Symphalangus syndactylus": {"scores": [0.9442353844642639], "times": [75]}, "otter": {"scores": [0.7507286071777344], "times": [53]}, "fly": {"scores": [0.8145023584365845], "times": [60]}, "dogsled, dog sled, dog sleigh": {"scores": [0.09294464439153671], "times": [6]}, "flamingo": {"scores": [0.9721839427947998, 0.9686443209648132], "times": [43, 84]}, "sea lion": {"scores": [0.6892402768135071, 0.2805442810058594, 0.8767446875572205], "times": [70, 74, 143]}, "tailed frog, bell toad, ribbed toad, tailed toad, Ascaphus trui": {"scores": [0.5190175771713257], "times": [102]}, "African elephant, Loxodonta africana": {"scores": [0.6869244575500488, 0.25068795680999756], "times": [112, 133]}, "great grey owl, great gray owl, Strix nebulosa": {"scores": [0.907801628112793, 0.6177567839622498, 0.9110710024833679], "times": [19, 27, 30]}, "porcupine, hedgehog": {"scores": [0.03527749329805374], "times": [0]}, "marmoset": {"scores": [0.37040141224861145, 0.47791898250579834, 0.37601426243782043, 0.29693862795829773], "times": [31, 35, 38, 41]}, "fox squirrel, eastern fox squirrel, Sciurus niger": {"scores": [0.4190371632575989, 0.9291481971740723, 0.9295339584350586], "times": [1, 8, 14]}, "ox": {"scores": [0.15087752044200897, 0.27803441882133484], "times": [120, 130]}, "hippopotamus, hippo, river horse, Hippopotamus amphibius": {"scores": [0.985813319683075, 0.11817827820777893], "times": [107, 118]}}}